Date,adj close_aapl,close_aapl,high_aapl,low_aapl,open_aapl,volume_aapl,log_close_aapl
2014-08-01,21.209680557250977,24.03249931335449,24.155000686645508,23.70249938964844,23.725000381469727,194044000,3.1794070523862947
2014-08-04,21.09053421020508,23.897499084472656,24.145000457763672,23.792499542236328,24.092500686645508,159832000,3.173773812645189
2014-08-05,20.98684501647949,23.780000686645508,23.920000076293945,23.59000015258789,23.84000015258789,223732000,3.1688449201375515
2014-08-06,20.95154190063477,23.739999771118164,23.8700008392334,23.677499771118164,23.6875,154232000,3.1671613795403326
2014-08-07,20.949317932128903,23.6200008392334,23.987499237060547,23.52499961853028,23.732500076293945,186844000,3.1620938462998422
2014-08-08,21.00697326660156,23.684999465942383,23.70499992370605,23.31999969482422,23.565000534057617,167460000,3.164841913827367
2014-08-11,21.28413963317871,23.997499465942383,24.020000457763672,23.709999084472656,23.8174991607666,146340000,3.177949636000836
2014-08-12,21.279699325561523,23.99250030517578,24.21999931335449,23.90250015258789,24.01000022888184,135180000,3.177741294229278
2014-08-13,21.561298370361328,24.309999465942383,24.309999465942383,24.01000022888184,24.037500381469727,127664000,3.1908877663593924
2014-08-14,21.618955612182617,24.375,24.39249992370605,24.200000762939453,24.332500457763672,112464000,3.193558016883911
2014-08-15,21.72538375854492,24.4950008392334,24.54750061035156,24.21500015258789,24.475000381469727,195804000,3.1984690493519543
2014-08-18,21.987030029296875,24.790000915527344,24.842500686645508,24.4950008392334,24.622499465942383,190288000,3.2104403829784154
2014-08-19,22.290807723999023,25.13249969482422,25.170000076293945,24.82999992370605,24.852500915527344,277596000,3.224161817154763
2014-08-20,22.299671173095703,25.14249992370605,25.272499084472656,24.987499237060547,25.11000061035156,210796000,3.2245596383020367
2014-08-21,22.301889419555664,25.145000457763672,25.23500061035156,25.02750015258789,25.14249992370605,133912000,3.224659087828886
2014-08-22,22.46596908569336,25.32999992370605,25.36750030517578,25.04750061035156,25.07250022888184,176736000,3.2319894610015845
2014-08-25,22.51475524902344,25.38500022888184,25.542499542236328,25.31999969482422,25.44750022888184,161080000,3.2341584574157785
2014-08-26,22.37062263488769,25.22249984741211,25.375,25.21500015258789,25.354999542236328,132608000,3.2277364472507237
2014-08-27,22.64557838439941,25.53249931335449,25.64249992370605,25.174999237060547,25.2549991607666,209476000,3.239952123577117
2014-08-28,22.67218017578125,25.5625,25.69499969482422,25.38999938964844,25.397499084472656,273840000,3.2411264338030206
2014-08-29,22.727617263793945,25.625,25.725000381469727,25.549999237060547,25.71500015258789,178380000,3.2435684374585723
2014-09-02,22.905000686645508,25.825000762939453,25.934999465942383,25.68000030517578,25.76499938964844,214256000,3.251343044548372
2014-09-03,21.938251495361328,24.73500061035156,25.799999237060547,24.645000457763672,25.77499961853028,501684000,3.2082192693552956
2014-09-04,21.756431579589844,24.530000686645508,25.022499084472656,24.44750022888184,24.71249961853028,342872000,3.1998968862624686
2014-09-05,21.944902420043945,24.74250030517578,24.84749984741211,24.57749938964844,24.700000762939453,233828000,3.2085224251227813
2014-09-08,21.809646606445312,24.59000015258789,24.82749938964844,24.512500762939453,24.825000762939453,185426800,3.2023398624333836
2014-09-09,21.72760391235352,24.497499465942383,25.770000457763672,24.03499984741211,24.770000457763672,759385200,3.1985710497273416
2014-09-10,22.39502143859864,25.25,25.27750015258789,24.440000534057617,24.502500534057617,403478400,3.228826155721369
2014-09-11,22.49036407470703,25.357500076293945,25.36000061035156,24.905000686645508,25.102500915527344,249412400,3.233074547276747
2014-09-12,22.54136657714844,25.415000915527344,25.54750061035156,25.270000457763672,25.302499771118164,250504400,3.235339586921975
2014-09-15,22.534711837768555,25.40749931335449,25.762500762939453,25.36000061035156,25.70249938964844,245266000,3.235044379004476
2014-09-16,22.363975524902344,25.21500015258789,25.315000534057617,24.72249984741211,24.950000762939453,267632400,3.2274390615801614
2014-09-17,22.52362060546875,25.395000457763672,25.450000762939453,25.147499084472656,25.3174991607666,243706000,3.2345523222789483
2014-09-18,22.570188522338867,25.44750022888184,25.58749961853028,25.38999938964844,25.482500076293945,149197600,3.236617515338634
2014-09-19,22.386150360107425,25.239999771118164,25.58749961853028,25.125,25.57250022888184,283609600,3.228430028604794
2014-09-22,22.40831756591797,25.26499938964844,25.53499984741211,25.145000457763672,25.450000762939453,211153600,3.229420014585884
2014-09-23,22.758655548095703,25.65999984741211,25.73500061035156,25.13500022888184,25.14999961853028,253608800,3.244933353240963
2014-09-24,22.561317443847656,25.4375,25.71249961853028,25.299999237060547,25.540000915527344,240687200,3.236224463202814
2014-09-25,21.70099639892578,24.467500686645508,25.177499771118164,24.43000030517578,25.127500534057617,400368000,3.1973457343814116
2014-09-26,22.33958625793457,25.1875,25.1875,24.600000381469727,24.63249969482422,249482000,3.226347839706902
2014-09-29,22.19767951965332,25.02750015258789,25.11000061035156,24.65749931335449,24.662500381469727,199065200,3.219975226408311
2014-09-30,22.33958625793457,25.1875,25.38500022888184,25.13249969482422,25.20249938964844,221056400,3.226347839706902
2014-10-01,21.991464614868164,24.795000076293945,25.17250061035156,24.674999237060547,25.147499084472656,205965200,3.210642023018086
2014-10-02,22.15111351013184,24.975000381469727,25.05500030517578,24.51000022888184,24.8174991607666,191031200,3.21787533980868
2014-10-03,22.089031219482425,24.905000686645508,25.052499771118164,24.76000022888184,24.86000061035156,173878400,3.2150686140958347
2014-10-06,22.089031219482425,24.905000686645508,25.162500381469727,24.854999542236328,24.987499237060547,148204800,3.2150686140958347
2014-10-07,21.896127700805664,24.6875,25.030000686645508,24.6825008392334,24.857500076293945,168376800,3.2062970426613404
2014-10-08,22.35067176818848,25.200000762939453,25.27750015258789,24.57749938964844,24.690000534057617,229618800,3.226844024792752
2014-10-09,22.399452209472656,25.2549991607666,25.59499931335449,25.15250015258789,25.38500022888184,309506000,3.2290241226896295
2014-10-10,22.33515167236328,25.1825008392334,25.50749969482422,25.075000762939453,25.17250061035156,265326400,3.2261493421607543
2014-10-13,22.131160736083984,24.95249938964844,25.44499969482422,24.95249938964844,25.332500457763672,214333600,3.2169739931180668
2014-10-14,21.896127700805664,24.6875,25.1299991607666,24.64249992370605,25.09749984741211,254754400,3.2062970426613404
2014-10-15,21.627830505371094,24.38500022888184,24.787500381469727,23.795000076293945,24.49250030517578,403734400,3.1939681985481894
2014-10-16,21.3440055847168,24.065000534057617,24.43000030517578,23.852500915527344,23.887500762939453,288618000,3.180758524947369
2014-10-17,21.656644821166992,24.417499542236328,24.75,24.20249938964844,24.375,272718800,3.1953000695921343
2014-10-20,22.12007141113281,24.940000534057617,24.989999771118164,24.55500030517578,24.57999992370605,310069200,3.2164729616655876
2014-10-21,22.720962524414062,25.61750030517578,25.7549991607666,25.3174991607666,25.7549991607666,378495600,3.2432757236045213
2014-10-22,22.83626747131348,25.747499465942383,26.02750015258789,25.64999961853028,25.709999084472656,273052400,3.248337514275704
2014-10-23,23.2442569732666,26.207500457763672,26.262500762939453,25.90749931335449,26.020000457763672,284298800,3.2660456468114862
2014-10-24,23.33073234558105,26.30500030517578,26.372499465942383,26.13249969482422,26.295000076293945,188215600,3.269759046784207
2014-10-27,23.306337356567383,26.27750015258789,26.3700008392334,26.174999237060547,26.21249961853028,136750800,3.268713065522161
2014-10-28,23.66776657104492,26.684999465942383,26.684999465942383,26.33749961853028,26.350000381469727,192243600,3.2841015897725065
2014-10-29,23.8008041381836,26.834999084472656,26.842500686645508,26.59000015258789,26.662500381469727,210751600,3.289706971511879
2014-10-30,23.72098159790039,26.7450008392334,26.83749961853028,26.475000381469727,26.739999771118164,162619200,3.286347571362289
2014-10-31,23.947145462036133,27.0,27.01000022888184,26.802499771118164,27.002500534057617,178557200,3.295836866004329
2014-11-03,24.25758171081543,27.350000381469727,27.575000762939453,27.002500534057617,27.05500030517578,209130400,3.308716542815695
2014-11-04,24.080183029174805,27.14999961853028,27.372499465942383,26.93000030517578,27.34000015258789,166297600,3.301377032329494
2014-11-05,24.137836456298828,27.21500015258789,27.325000762939453,27.03249931335449,27.27499961853028,149743600,3.3037682974929203
2014-11-06,24.20687484741211,27.174999237060547,27.19750022888184,26.950000762939453,27.14999961853028,139874000,3.302297404932224
2014-11-07,24.27590751647949,27.252500534057617,27.32999992370605,27.137500762939453,27.1875,134766000,3.3051452796170233
2014-11-10,24.235824584960938,27.207500457763672,27.332500457763672,27.167499542236328,27.2549991607666,108782000,3.303492687412987
2014-11-11,24.429574966430664,27.424999237060547,27.4375,27.100000381469727,27.174999237060547,109769200,3.3114549783421703
2014-11-12,24.77474403381348,27.8125,27.857500076293945,27.342500686645508,27.34499931335449,187769600,3.325485559926459
2014-11-13,25.12437057495117,28.20499992370605,28.362499237060547,27.89999961853028,27.950000762939453,238091600,3.33949926448696
2014-11-14,25.4272403717041,28.545000076293945,28.54750061035156,27.802499771118164,28.287500381469727,176254400,3.351481792088983
2014-11-17,25.38492202758789,28.497499465942383,29.31999969482422,28.325000762939453,28.5674991607666,186986800,3.3498163453882888
2014-11-18,25.714519500732425,28.86750030517578,28.92250061035156,28.47249984741211,28.48500061035156,176896000,3.362716405415478
2014-11-19,25.536354064941406,28.667499542236328,28.934999465942383,28.450000762939453,28.86000061035156,167476800,3.355764060962286
2014-11-20,25.90156936645508,29.07749938964844,29.21500015258789,28.71249961853028,28.727500915527344,173582000,3.3699646582405465
2014-11-21,25.93720054626465,29.11750030517578,29.39249992370605,29.00749969482422,29.377500534057617,228717200,3.3713393784755072
2014-11-24,26.41823005676269,29.65749931335449,29.6924991607666,29.155000686645508,29.21249961853028,189803200,3.3897150214006126
2014-11-25,26.188854217529297,29.39999961853028,29.9375,29.362499237060547,29.76749992370605,275361600,3.3809946613694755
2014-11-26,26.500627517700195,29.75,29.77499961853028,29.457500457763672,29.48500061035156,163073200,3.392829131991639
2014-11-28,26.48503875732422,29.732500076293945,29.850000381469727,29.512500762939453,29.8174991607666,99257600,3.392240726185275
2014-12-01,25.625438690185547,28.76749992370605,29.8125,27.8174991607666,29.70249938964844,335256000,3.3592462750633882
2014-12-02,25.527454376220703,28.65749931335449,28.9375,28.1875,28.375,237395600,3.3554151650466153
2014-12-03,25.816951751708984,28.982500076293945,29.08749961853028,28.77750015258789,28.9375,172253600,3.366692202194834
2014-12-04,25.718971252441406,28.872499465942383,29.299999237060547,28.82250022888184,28.9424991607666,168178000,3.362889566510002
2014-12-05,25.60984230041504,28.75,29.020000457763672,28.65999984741211,28.997499465942383,153275600,3.3586377672433594
2014-12-08,25.030845642089844,28.100000381469727,28.662500381469727,27.905000686645508,28.52499961853028,230659600,3.335769589915135
2014-12-09,25.41387939453125,28.530000686645508,28.575000762939453,27.33749961853028,27.54750061035156,240832000,3.350956189292899
2014-12-10,24.930627822875977,27.987499237060547,28.71249961853028,27.88500022888184,28.602500915527344,178261200,3.3317579546648655
2014-12-11,24.857141494750977,27.905000686645508,28.450000762939453,27.834999084472656,28.065000534057617,165606800,3.328805908846937
2014-12-12,24.436250686645508,27.4325008392334,27.967500686645508,27.395000457763672,27.614999771118164,224112400,3.311728472475486
2014-12-15,24.102209091186523,27.0575008392334,27.89999961853028,26.58749961853028,27.674999237060547,268872400,3.2979642622038283
2014-12-16,23.772619247436523,26.6875,27.540000915527344,26.565000534057617,26.592500686645508,243162800,3.284195290988843
2014-12-17,24.364990234375,27.352500915527344,27.459999084472656,26.70499992370605,26.780000686645508,213647200,3.308807965840239
2014-12-18,25.08651351928711,28.162500381469727,28.162500381469727,27.665000915527344,27.967500686645508,236024800,3.3379913193036703
2014-12-19,24.89277648925781,27.94499969482422,28.309999465942383,27.915000915527344,28.065000534057617,353719200,3.3302382818010754
2014-12-22,25.15110206604004,28.23500061035156,28.372499465942383,27.99250030517578,28.040000915527344,180670000,3.3405623647416425
2014-12-23,25.0620231628418,28.13500022888184,28.332500457763672,28.114999771118164,28.3075008392334,104113600,3.337014361020371
2014-12-24,24.94399070739746,28.002500534057617,28.177499771118164,28.002500534057617,28.145000457763672,57918400,3.332293810975541
2014-12-26,25.38492202758789,28.497499465942383,28.6299991607666,28.002500534057617,28.02499961853028,134884000,3.3498163453882888
2014-12-29,25.36711502075196,28.477500915527344,28.6924991607666,28.424999237060547,28.44750022888184,110395600,3.3491143339410767
2014-12-30,25.05756568908692,28.1299991607666,28.479999542236328,28.02750015258789,28.40999984741211,119526000,3.3368365926676593
2014-12-31,24.58100700378418,27.59499931335449,28.28249931335449,27.552499771118164,28.20499992370605,165613600,3.317634572008496
2015-01-02,24.3471736907959,27.332500457763672,27.86000061035156,26.83749961853028,27.84749984741211,212818400,3.3080764870744646
2015-01-05,23.66127014160156,26.5625,27.162500381469727,26.352500915527344,27.07250022888184,257142000,3.2795004466846356
2015-01-06,23.66349029541016,26.565000534057617,26.857500076293945,26.15749931335449,26.63500022888184,263188400,3.279594580006713
2015-01-07,23.99531364440918,26.9375,27.049999237060547,26.674999237060547,26.799999237060547,160423600,3.2935193678639667
2015-01-08,24.917266845703125,27.97249984741211,28.037500381469727,27.174999237060547,27.3075008392334,237458000,3.331221879244814
2015-01-09,24.94399070739746,28.002500534057617,28.3125,27.552499771118164,28.167499542236328,214798000,3.332293810975541
2015-01-12,24.329355239868164,27.3125,28.15749931335449,27.200000762939453,28.14999961853028,198603200,3.307344472855809
2015-01-13,24.54537010192871,27.55500030517578,28.200000762939453,27.227500915527344,27.857500076293945,268367600,3.3161840184103495
2015-01-14,24.45183563232422,27.450000762939453,27.622499465942383,27.125,27.26000022888184,195826400,3.3123661957493264
2015-01-15,23.78821182250977,26.70499992370605,27.51499938964844,26.665000915527344,27.5,240056000,3.2848508109348176
2015-01-16,23.60337448120117,26.497499465942383,26.895000457763672,26.299999237060547,26.75749969482422,314053200,3.277050368764254
2015-01-20,24.211322784423828,27.18000030517578,27.24250030517578,26.625,26.959999084472656,199599600,3.302481419950951
2015-01-21,24.39616203308105,27.387500762939453,27.76499938964844,27.0674991607666,27.237499237060547,194303600,3.3100867327787986
2015-01-22,25.030845642089844,28.100000381469727,28.11750030517578,27.43000030517578,27.565000534057617,215185600,3.335769589915135
2015-01-23,25.16000938415528,28.2450008392334,28.4375,27.88249969482422,28.075000762939453,185859200,3.340916480489861
2015-01-26,25.186731338500977,28.27499961853028,28.59000015258789,28.200000762939453,28.434999465942383,222460000,3.3419780085107704
2015-01-27,24.30485725402832,27.28499984741211,28.1200008392334,27.25749969482422,28.104999542236328,382274800,3.3063370950458224
2015-01-28,25.678884506225582,28.82749938964844,29.530000686645508,28.82749938964844,29.40749931335449,585908400,3.3613297714905883
2015-01-29,26.47835159301757,29.725000381469727,29.79750061035156,28.88999938964844,29.07999992370605,337745600,3.3919884554101416
2015-01-30,26.09087181091309,29.290000915527344,30.0,29.21249961853028,29.600000381469727,334982000,3.3772461920969765
2015-02-02,26.41823005676269,29.65749931335449,29.792499542236328,29.020000457763672,29.512500762939453,250956400,3.3897150214006126
2015-02-03,26.42268180847168,29.662500381469727,29.772499084472656,29.40250015258789,29.625,207662800,3.389883634622218
2015-02-04,26.62532997131348,29.88999938964844,30.127500534057617,29.57749938964844,29.625,280598800,3.397523955875921
2015-02-05,26.81537628173828,29.98500061035156,30.0575008392334,29.8125,30.0049991607666,168984800,3.4006972769757025
2015-02-06,26.58955955505371,29.732500076293945,30.0625,29.612499237060547,30.0049991607666,174826400,3.392240726185275
2015-02-09,26.76618766784668,29.93000030517578,29.959999084472656,29.607500076293945,29.637500762939453,155559200,3.398861332060925
2015-02-10,27.280406951904297,30.5049991607666,30.537500381469727,30.040000915527344,30.042499542236328,248034000,3.4178905770924763
2015-02-11,27.919828414916992,31.21999931335449,31.229999542236328,30.625,30.6924991607666,294247200,3.4410588930935155
2015-02-12,28.273069381713867,31.614999771118164,31.8700008392334,31.39249992370605,31.51499938964844,297898000,3.453631684270917
2015-02-13,28.41168212890625,31.770000457763672,31.81999969482422,31.412500381469727,31.81999969482422,217088800,3.4585224626901017
2015-02-17,28.57936286926269,31.957500457763672,32.220001220703125,31.729999542236328,31.872499465942383,252609600,3.4644069093841785
2015-02-18,28.7783432006836,32.18000030517578,32.19499969482422,31.862499237060547,31.90749931335449,179566800,3.471345151047636
2015-02-19,28.71797561645508,32.11249923706055,32.25749969482422,32.08250045776367,32.119998931884766,149449600,3.4692453386776694
2015-02-20,28.95272827148437,32.375,32.375,32.01250076293945,32.154998779296875,195793600,3.4773865200197016
2015-02-23,29.7352352142334,33.25,33.25,32.415000915527344,32.505001068115234,283896400,3.5040547671018634
2015-02-24,29.5496768951416,33.04249954223633,33.400001525878906,32.79249954223633,33.23500061035156,276912400,3.49779459779604
2015-02-25,28.793991088867188,32.1974983215332,32.900001525878906,32.037498474121094,32.88999938964844,298846800,3.4718887576543414
2015-02-26,29.158422470092773,32.60499954223633,32.717498779296875,31.65250015258789,32.1974983215332,365150000,3.4844656368054885
2015-02-27,28.72021102905273,32.1150016784668,32.64250183105469,32.060001373291016,32.5,248059200,3.469323262974017
2015-03-02,28.861068725585938,32.272499084472656,32.56999969482422,32.07500076293945,32.3125,192386800,3.4742154460300743
2015-03-03,28.921432495117188,32.34000015258789,32.380001068115234,32.022499084472656,32.2400016784668,151265200,3.476304858867201
2015-03-04,28.73810195922852,32.1349983215332,32.38999938964844,32.08000183105469,32.275001525878906,126665200,3.4699457265915132
2015-03-05,28.26189422607422,31.602500915527344,32.1875,31.440000534057617,32.14500045776367,226068400,3.4532362603576674
2015-03-06,28.30436897277832,31.64999961853028,32.342498779296875,31.565000534057617,32.099998474121094,291368400,3.4547381365374292
2015-03-09,28.42510032653809,31.78499984741211,32.39250183105469,31.26499938964844,31.989999771118164,354114000,3.458994475587746
2015-03-10,27.837100982666016,31.127500534057617,31.80500030517578,30.950000762939453,31.602500915527344,275426400,3.43809169000153
2015-03-11,27.329593658447266,30.559999465942383,31.1924991607666,30.52750015258789,31.1875,275756000,3.419691946822612
2015-03-12,27.823692321777344,31.112499237060547,31.225000381469727,30.40749931335449,30.57749938964844,193450800,3.437609643171751
2015-03-13,27.631406784057617,30.897499084472656,31.350000381469727,30.645000457763672,31.100000381469727,207309200,3.4306752448506392
2015-03-16,27.93547248840332,31.237499237060547,31.237499237060547,30.717500686645508,30.96999931335449,143497200,3.4416192717372383
2015-03-17,28.402740478515625,31.76000022888184,31.82999992370605,31.412500381469727,31.475000381469727,204092400,3.458207643585542
2015-03-18,28.722450256347656,32.11750030517578,32.290000915527344,31.592500686645508,31.75,261083600,3.469401062425481
2015-03-19,28.505586624145508,31.875,32.3125,31.850000381469727,32.1875,183238000,3.46182200347859
2015-03-20,28.147869110107425,31.475000381469727,32.099998474121094,31.290000915527344,32.0625,274780400,3.4491935920501797
2015-03-23,28.440746307373047,31.802499771118164,31.96249961853028,31.6299991607666,31.780000686645508,150838800,3.459544895851253
2015-03-24,28.32449150085449,31.67250061035156,32.0099983215332,31.63999938964844,31.8075008392334,131369200,3.455448815764781
2015-03-25,27.58445930480957,30.84499931335449,31.70499992370605,30.84499931335449,31.63500022888184,206620800,3.428974640400441
2015-03-26,27.77673721313477,31.059999465942383,31.21999931335449,30.64999961853028,30.690000534057617,190291600,3.4359208005261554
2015-03-27,27.555402755737305,30.8125,31.174999237060547,30.727500915527344,31.14249992370605,158184800,3.4279204518029087
2015-03-30,28.252944946289062,31.592500686645508,31.600000381469727,31.0,31.012500762939453,188398800,3.4529197723851452
2015-03-31,27.819215774536133,31.107500076293945,31.622499465942383,31.09000015258789,31.522499084472656,168362400,3.437448950120239
2015-04-01,27.77896881103516,31.0625,31.280000686645508,30.77499961853028,31.20499992370605,162485600,3.4360013038568473
2015-04-02,28.018198013305664,31.32999992370605,31.38999938964844,31.04750061035156,31.25749969482422,128880400,3.444576102528928
2015-04-06,28.47205352783203,31.83749961853028,31.877500534057617,31.082500457763672,31.11750030517578,148776000,3.460644828323802
2015-04-07,28.17246627807617,31.502500534057617,32.029998779296875,31.4950008392334,31.90999984741211,140049200,3.4500669247145757
2015-04-08,28.080795288085938,31.39999961853028,31.600000381469727,31.24250030517578,31.46249961853028,149316800,3.4468078807654905
2015-04-09,28.295419692993164,31.63999938964844,31.645000457763672,31.165000915527344,31.46249961853028,129936000,3.4544221236089485
2015-04-10,28.416154861450195,31.77499961853028,31.802499771118164,31.315000534057617,31.487499237060547,160752000,3.4586798050701764
2015-04-13,28.36026191711425,31.71249961853028,32.14250183105469,31.65250015258789,32.092498779296875,145460400,3.456710912896398
2015-04-14,28.2373046875,31.575000762939453,31.82250022888184,31.477500915527344,31.75,102098400,3.452365692399324
2015-04-15,28.34461784362793,31.69499969482422,31.78249931335449,31.502500534057617,31.602500915527344,115881600,3.4561589301076148
2015-04-16,28.208234786987305,31.542499542236328,31.77499961853028,31.52750015258789,31.56999969482422,113476000,3.4513358283071596
2015-04-17,27.890756607055664,31.1875,31.53499984741211,31.114999771118164,31.387500762939453,207828000,3.4400173735117376
2015-04-20,28.52794075012207,31.89999961853028,32.029998779296875,31.292499542236328,31.39249992370605,188217200,3.4626059978325006
2015-04-21,28.373680114746094,31.727500915527344,32.04999923706055,31.667499542236328,32.025001525878906,129740400,3.457183841558138
2015-04-22,28.75598907470703,32.154998779296875,32.217498779296875,31.57999992370605,31.747499465942383,150618000,3.470567921623737
2015-04-23,28.990741729736328,32.41749954223633,32.60499954223633,32.03499984741211,32.07500076293945,183083600,3.478698386320021
2015-04-24,29.12712287902832,32.56999969482422,32.657501220703125,32.307498931884766,32.622501373291016,178103600,3.483391609918299
2015-04-27,29.65698432922364,33.162498474121094,33.282501220703125,32.787498474121094,33.07749938964844,387816800,3.5014196734516774
2015-04-28,29.18971824645996,32.63999938964844,33.6349983215332,32.39250183105469,33.6150016784668,475696000,3.4855385113964097
2015-04-29,28.760461807250977,32.15999984741211,32.897499084472656,32.07500076293945,32.540000915527344,253544400,3.4707234395661173
2015-04-30,27.98018455505371,31.287500381469727,32.15999984741211,31.145000457763672,32.15999984741211,332781600,3.443218668950293
2015-05-01,28.82976722717285,32.23749923706055,32.532501220703125,31.325000762939453,31.52499961853028,234050400,3.4731303475412525
2015-05-04,28.773876190185547,32.17499923706055,32.64250183105469,32.064998626708984,32.375,203953200,3.4711897297700083
2015-05-05,28.125513076782227,31.450000762939453,32.11249923706055,31.44499969482422,32.037498474121094,197085600,3.4483990074052553
2015-05-06,27.948894500732425,31.252500534057617,31.6875,30.84000015258789,31.63999938964844,288564000,3.4420993900710575
2015-05-07,28.121761322021484,31.315000534057617,31.520000457763672,31.0049991607666,31.1924991607666,175763600,3.4440972330317465
2015-05-08,28.65159797668457,31.905000686645508,31.905000686645508,31.52750015258789,31.670000076293945,222201600,3.4627627588418743
2015-05-11,28.3597354888916,31.57999992370605,31.88999938964844,31.40749931335449,31.84749984741211,168143200,3.4525240064116014
2015-05-12,28.25871086120605,31.467500686645508,31.71999931335449,31.20499992370605,31.39999961853028,192640000,3.4489552890043065
2015-05-13,28.29014015197754,31.502500534057617,31.79750061035156,31.467500686645508,31.537500381469727,138776800,3.4500669247145757
2015-05-14,28.9501895904541,32.23749923706055,32.23749923706055,31.790000915527344,31.852500915527344,180814000,3.4731303475412525
2015-05-15,28.909778594970703,32.192501068115234,32.372501373291016,32.0525016784668,32.26750183105469,152832000,3.47173353934481
2015-05-18,29.228578567504883,32.54750061035156,32.68000030517578,32.09000015258789,32.095001220703125,203531600,3.482700579542055
2015-05-19,29.20163345336914,32.51750183105469,32.720001220703125,32.40999984741211,32.67250061035156,178532800,3.4817784622655807
2015-05-20,29.19939041137696,32.51499938964844,32.744998931884766,32.334999084472656,32.5,145819600,3.4817015025497304
2015-05-21,29.497987747192383,32.84749984741211,32.907501220703125,32.45750045776367,32.51750183105469,158921600,3.4918756338884975
2015-05-22,29.75617027282715,33.1349983215332,33.24250030517578,32.849998474121094,32.900001525878906,182384000,3.5005900748847854
2015-05-26,29.1006088256836,32.404998779296875,33.227500915527344,32.279998779296875,33.150001525878906,282790400,3.4783126942094693
2015-05-27,29.6439151763916,33.0099983215332,33.064998626708984,32.51250076293945,32.584999084472656,183332800,3.496810495017878
2015-05-28,29.585538864135746,32.94499969482422,32.98749923706055,32.775001525878906,32.96500015258789,122933200,3.4948394951025934
2015-05-29,29.248788833618164,32.56999969482422,32.86249923706055,32.474998474121094,32.807498931884766,203538000,3.483391609918299
2015-06-01,29.30715560913086,32.6349983215332,32.84749984741211,32.51250076293945,32.56999969482422,128451200,3.4853852806556858
2015-06-02,29.17695045471192,32.4900016784668,32.665000915527344,32.33000183105469,32.46500015258789,134670400,3.4809324013420353
2015-06-03,29.212867736816406,32.529998779296875,32.73500061035156,32.474998474121094,32.665000915527344,123934000,3.482162702959802
2015-06-04,29.04223823547364,32.34000015258789,32.64500045776367,32.227500915527344,32.39500045776367,153800400,3.476304858867201
2015-06-05,28.88283920288086,32.162498474121094,32.42250061035156,32.09000015258789,32.375,142507200,3.470801130165066
2015-06-08,28.692005157470703,31.950000762939453,32.3025016784668,31.707500457763672,32.224998474121094,210699200,3.4641722047027126
2015-06-09,28.606689453125,31.854999542236328,32.02000045776367,31.405000686645508,31.674999237060547,224301600,3.4611943411982216
2015-06-10,28.934476852416992,32.220001220703125,32.334999084472656,31.96249961853028,31.979999542236328,156349200,3.4725874156353305
2015-06-11,28.869373321533203,32.147499084472656,32.54499816894531,32.119998931884766,32.29499816894531,141563600,3.4703346586834973
2015-06-12,28.550567626953125,31.792499542236328,32.08250045776367,31.77750015258789,32.04750061035156,147544800,3.459230398514285
2015-06-15,28.49443817138672,31.729999542236328,31.809999465942383,31.427499771118164,31.52499961853028,175955600,3.457262591168263
2015-06-16,28.647104263305664,31.89999961853028,31.96249961853028,31.592500686645508,31.75749969482422,125976400,3.4626059978325006
2015-06-17,28.57975006103516,31.825000762939453,31.96999931335449,31.684999465942383,31.93000030517578,131672400,3.46025216841643
2015-06-18,28.709964752197266,31.96999931335449,32.07749938964844,31.80500030517578,31.8075008392334,141628800,3.4647979415939423
2015-06-19,28.422595977783203,31.64999961853028,31.95499992370605,31.600000381469727,31.927499771118164,218867600,3.4547381365374292
2015-06-22,28.64935874938965,31.90250015258789,32.01499938964844,31.770000457763672,31.872499465942383,136157200,3.462684381408939
2015-06-23,28.51914405822754,31.75749969482422,31.90250015258789,31.71999931335449,31.8700008392334,121075600,3.458128908305913
2015-06-24,28.76160430908203,32.02750015258789,32.45000076293945,31.780000686645508,31.802499771118164,221123600,3.466594913512729
2015-06-25,28.62465476989746,31.875,32.29999923706055,31.875,32.21500015258789,127752400,3.46182200347859
2015-06-26,28.456283569335938,31.6875,31.997499465942383,31.627500534057617,31.917499542236328,176267200,3.455922281351402
2015-06-29,27.95786666870117,31.13249969482422,31.61750030517578,31.1200008392334,31.364999771118164,196645600,3.4382522798106843
2015-06-30,28.159931182861328,31.357500076293945,31.530000686645508,31.21500015258789,31.39249992370605,177482800,3.4454534753497295
2015-07-01,28.422595977783203,31.64999961853028,31.73500061035156,31.497499465942383,31.725000381469727,120955200,3.4547381365374292
2015-07-02,28.38667869567871,31.61000061035156,31.67250061035156,31.4424991607666,31.607500076293945,108844000,3.4534735455363386
2015-07-06,28.28789520263672,31.5,31.5575008392334,31.21249961853028,31.23500061035156,112241600,3.449987545831587
2015-07-07,28.218299865722656,31.42250061035156,31.537500381469727,30.9424991607666,31.47249984741211,187787200,3.4475242162408843
2015-07-08,27.517837524414062,30.64249992370605,31.15999984741211,30.63500022888184,31.1200008392334,243046400,3.422387931743375
2015-07-09,26.956567764282227,30.01749992370605,31.01499938964844,29.80500030517578,30.96249961853028,314380000,3.401780542381087
2015-07-10,27.677234649658203,30.81999969482422,30.96249961853028,30.302499771118164,30.48500061035156,245418000,3.428163819990095
2015-07-13,28.21156120300293,31.415000915527344,31.440000534057617,31.07999992370605,31.25749969482422,165762000,3.44728551499791
2015-07-14,28.200336456298828,31.40250015258789,31.592500686645508,31.26000022888184,31.51000022888184,127072400,3.446887512438371
2015-07-15,28.471986770629883,31.70499992370605,31.787500381469727,31.395000457763672,31.43000030517578,134596800,3.456474394745625
2015-07-16,28.85140609741211,32.127498626708984,32.14250183105469,31.83749961853028,31.934999465942383,144889600,3.469712318454126
2015-07-17,29.1006088256836,32.404998779296875,32.404998779296875,32.07749938964844,32.27000045776367,184658800,3.4783126942094693
2015-07-20,29.65066337585449,33.01750183105469,33.24250030517578,32.67499923706055,32.74250030517578,235600800,3.4970377793929175
2015-07-21,29.35430145263672,32.6875,33.22999954223633,32.58000183105469,33.212501525878906,307025600,3.4869927418251416
2015-07-22,28.112777709960938,31.30500030517578,31.375,30.497499465942383,30.497499465942383,461802400,3.4437778389457416
2015-07-23,28.099308013916016,31.290000915527344,31.772499084472656,31.26499938964844,31.549999237060547,203998000,3.4432985869402133
2015-07-24,27.951133728027344,31.125,31.434999465942383,30.975000381469727,31.32999992370605,168649200,3.4380113547848716
2015-07-27,27.56273078918457,30.6924991607666,30.90250015258789,30.530000686645508,30.772499084472656,177822000,3.4240182977295848
2015-07-28,27.699678421020508,30.84499931335449,30.977500915527344,30.637500762939453,30.84499931335449,134472400,3.428974640400441
2015-07-29,27.61213111877441,30.747499465942383,30.875,30.5674991607666,30.787500381469727,148046800,3.4258086727652888
2015-07-30,27.47293472290039,30.592500686645508,30.64249992370605,30.427499771118164,30.57999992370605,134513200,3.4207549033225826
2015-07-31,27.232711791992188,30.325000762939453,30.65999984741211,30.227500915527344,30.64999961853028,171540000,3.4119724799888753
2015-08-03,26.590620040893555,29.61000061035156,30.64249992370605,29.3799991607666,30.375,279904000,3.3881121627265207
2015-08-04,25.73749732971192,28.65999984741211,29.424999237060547,28.3125,29.354999542236328,496554400,3.355502417075954
2015-08-05,25.90811920166016,28.850000381469727,29.36000061035156,28.02499961853028,28.237499237060547,397250400,3.3621100061766294
2015-08-06,25.964506149291992,28.78249931335449,29.125,28.530000686645508,28.99250030517578,211612000,3.359767539709328
2015-08-07,26.05245590209961,28.8799991607666,29.0625,28.625,28.645000457763672,154681600,3.3631492849652966
2015-08-10,26.99965476989746,29.93000030517578,29.997499465942383,29.13249969482422,29.13249969482422,219806400,3.398861332060925
2015-08-11,25.59464263916016,28.372499465942383,29.545000076293945,28.332500457763672,29.45249938964844,388331200,3.3454203473700845
2015-08-12,25.98931121826172,28.809999465942383,28.854999542236328,27.40749931335449,28.13249969482422,404870000,3.3607225305592063
2015-08-13,25.969013214111328,28.787500381469727,29.100000381469727,28.63500022888184,29.01000022888184,194143200,3.3599412783980314
2015-08-14,26.15168571472168,28.989999771118164,29.07749938964844,28.502500534057617,28.57999992370605,171718000,3.3669509350383646
2015-08-17,26.422313690185547,29.290000915527344,29.412500381469727,28.875,29.01000022888184,163538800,3.3772461920969765
2015-08-18,26.27346611022949,29.125,29.36000061035156,29.002500534057617,29.107500076293945,138242800,3.371596911885865
2015-08-19,25.937435150146484,28.752500534057617,29.1299991607666,28.670000076293945,29.02499961853028,193146000,3.358724738558901
2015-08-20,25.40520095825196,28.162500381469727,28.58749961853028,27.90749931335449,28.520000457763672,274006400,3.3379913193036703
2015-08-21,23.85134696960449,26.440000534057617,27.975000381469727,26.412500381469727,27.607500076293945,513102000,3.2748780351823363
2015-08-24,23.255971908569336,25.780000686645508,27.200000762939453,23.0,23.717500686645508,648825200,3.249599024145855
2015-08-25,23.39578628540039,25.934999465942383,27.77750015258789,25.875,27.77750015258789,414406400,3.2555933872112055
2015-08-26,24.73765563964844,27.42250061035156,27.47249984741211,26.262500762939453,26.772499084472656,387098400,3.3113638665606793
2015-08-27,25.466100692749023,28.229999542236328,28.309999465942383,27.5049991607666,28.0575008392334,338464400,3.340385226049894
2015-08-28,25.54953956604004,28.32250022888184,28.32749938964844,27.88500022888184,28.042499542236328,212657600,3.343656549846779
2015-08-31,25.430009841918945,28.190000534057617,28.63249969482422,28.0,28.00749969482422,224917200,3.3389673240709525
2015-09-01,24.293371200561523,26.93000030517578,27.96999931335449,26.84000015258789,27.537500381469727,307383600,3.293240918155694
2015-09-02,25.33529090881348,28.084999084472656,28.084999084472656,27.28249931335449,27.5575008392334,247555200,3.33523559338595
2015-09-03,24.89100646972656,27.592500686645508,28.19499969482422,27.51000022888184,28.122499465942383,212935600,3.3175440215501246
2015-09-04,24.642934799194336,27.3174991607666,27.612499237060547,27.127500534057617,27.24250030517578,199985200,3.3075274917413062
2015-09-08,25.32852363586425,28.07749938964844,28.13999938964844,27.57999992370605,27.9375,219374400,3.334968522116952
2015-09-09,24.841392517089844,27.537500381469727,28.5049991607666,27.4424991607666,28.440000534057617,340043200,3.3155487259811975
2015-09-10,25.38716125488281,28.14249992370605,28.31999969482422,27.475000381469727,27.5674991607666,251571200,3.337280886535835
2015-09-11,25.757015228271484,28.552499771118164,28.552499771118164,27.940000534057617,27.94750022888184,199662000,3.35174448992645
2015-09-14,26.00509452819824,28.82749938964844,29.22249984741211,28.71500015258789,29.145000457763672,233453600,3.3613297714905883
2015-09-15,26.223852157592773,29.06999969482422,29.13249969482422,28.604999542236328,28.982500076293945,173364800,3.3697067040728217
2015-09-16,26.25317001342773,29.102500915527344,29.13500022888184,28.86000061035156,29.0625,148694000,3.3708241125989766
2015-09-17,25.691621780395508,28.479999542236328,29.122499465942383,28.43000030517578,28.915000915527344,256450400,3.3492020704706125
2015-09-18,25.585617065429688,28.362499237060547,28.575000762939453,27.967500686645508,28.052499771118164,297141200,3.3450678232063757
2015-09-21,25.9825439453125,28.802499771118164,28.842500686645508,28.415000915527344,28.417499542236328,200888000,3.3604621809834754
2015-09-22,25.57434463500977,28.350000381469727,28.545000076293945,28.1299991607666,28.34499931335449,201384800,3.344627043629483
2015-09-23,25.78182411193848,28.57999992370605,28.68000030517578,28.325000762939453,28.40749931335449,143026800,3.352707169832234
2015-09-24,25.935176849365234,28.75,28.875,28.092500686645508,28.3125,200878000,3.3586377672433594
2015-09-25,25.86978530883789,28.677499771118164,29.17250061035156,28.5049991607666,29.11000061035156,224607600,3.356112835192052
2015-09-28,25.35783767700196,28.11000061035156,28.64249992370605,28.11000061035156,28.46249961853028,208436000,3.3361254066314094
2015-09-29,24.59557342529297,27.26499938964844,28.377500534057617,26.96500015258789,28.207500457763672,293461600,3.3056038059921247
2015-09-30,24.87522315979004,27.575000762939453,27.88500022888184,27.1825008392334,27.542499542236328,265892000,3.316909592807361
2015-10-01,24.712852478027344,27.395000457763672,27.405000686645508,26.82749938964844,27.26749992370605,255716400,3.3103605317001317
2015-10-02,24.89326477050781,27.59499931335449,27.752500534057617,26.887500762939453,27.002500534057617,232079200,3.317634572008496
2015-10-05,24.98346900939941,27.69499969482422,27.842500686645508,27.26749992370605,27.46999931335449,208258800,3.321251880465902
2015-10-06,25.10300064086914,27.82749938964844,27.934999465942383,27.4424991607666,27.65749931335449,192787200,3.326024718451848
2015-10-07,24.98346900939941,27.69499969482422,27.9424991607666,27.352500915527344,27.934999465942383,187062400,3.321251880465902
2015-10-08,24.694799423217773,27.375,27.54750061035156,27.052499771118164,27.54750061035156,247918400,3.3096301881366648
2015-10-09,25.28567695617676,28.030000686645508,28.06999969482422,27.372499465942383,27.5,211064400,3.3332753896735037
2015-10-12,25.168407440185547,27.89999961853028,28.1875,27.86000061035156,28.1825008392334,121868800,3.32862667515457
2015-10-13,25.21125221252441,27.94750022888184,28.112499237060547,27.670000076293945,27.70499992370605,132197200,3.330327758352051
2015-10-14,24.85492897033692,27.552499771118164,27.8799991607666,27.38999938964844,27.82250022888184,177849600,3.316093267276443
2015-10-15,25.22704124450684,27.96500015258789,28.02499961853028,27.622499465942383,27.732500076293945,150694000,3.330953733729939
2015-10-16,25.042112350463867,27.76000022888184,28.0,27.63249969482422,27.94499969482422,156930400,3.3235961438836266
2015-10-19,25.197723388671875,27.9325008392334,27.9375,27.52750015258789,27.700000762939453,119036800,3.329790915484407
2015-10-20,25.65778923034668,28.4424991607666,28.542499542236328,27.70499992370605,27.834999084472656,195871200,3.347884475925418
2015-10-21,25.655532836914062,28.440000534057617,28.895000457763672,28.424999237060547,28.5,167180800,3.347796623713437
2015-10-22,26.04794692993164,28.875,28.875,28.52499961853028,28.582500457763672,166616400,3.3629761688419575
2015-10-23,26.85531234741211,29.770000457763672,29.8075008392334,29.082500457763672,29.174999237060547,237467600,3.3935011904043617
2015-10-26,25.998327255249023,28.81999969482422,29.53249931335449,28.729999542236328,29.520000457763672,265335200,3.361069579982348
2015-10-27,25.833696365356445,28.637500762939453,29.13500022888184,28.497499465942383,28.850000381469727,279537600,3.3547170744208863
2015-10-28,26.89816665649414,29.8174991607666,29.825000762939453,29.01499938964844,29.232500076293945,342205600,3.3950954413250205
2015-10-29,27.182323455810547,30.13249969482422,30.17250061035156,29.5674991607666,29.674999237060547,204909200,3.4056043133525664
2015-10-30,26.95003318786621,29.875,30.30500030517578,29.862499237060547,30.247499465942383,197461200,3.397022010251675
2015-11-02,27.328920364379883,30.295000076293945,30.34000015258789,29.90250015258789,30.200000762939453,128813200,3.4109826849153198
2015-11-03,27.64239501953125,30.64249992370605,30.872499465942383,30.174999237060547,30.19750022888184,182076000,3.422387931743375
2015-11-04,27.513845443725582,30.5,30.95499992370605,30.405000686645508,30.78249931335449,179544400,3.417726683613366
2015-11-05,27.387012481689453,30.229999542236328,30.67250061035156,30.045000076293945,30.46249961853028,158210800,3.4088347936486714
2015-11-06,27.41871452331543,30.26499938964844,30.45249938964844,30.155000686645508,30.27750015258789,132169200,3.4099919091767394
2015-11-09,27.307735443115234,30.14249992370605,30.45249938964844,30.012500762939453,30.239999771118164,135485600,3.40593613347822
2015-11-10,26.447084426879883,29.1924991607666,29.51749992370605,29.01499938964844,29.225000381469727,236511600,3.3739117982194786
2015-11-11,26.29759788513184,29.02750015258789,29.354999542236328,28.802499771118164,29.092500686645508,180872000,3.368243661775691
2015-11-12,26.20927047729492,28.93000030517578,29.20499992370605,28.912500381469727,29.065000534057617,130102400,3.364879129536809
2015-11-13,25.443737030029297,28.084999084472656,28.89249992370605,28.0674991607666,28.799999237060547,183249600,3.33523559338595
2015-11-16,25.8604736328125,28.545000076293945,28.559999465942383,27.75,27.84499931335449,152426800,3.351481792088983
2015-11-17,25.749496459960938,28.42250061035156,28.762500762939453,28.32999992370605,28.729999542236328,110467600,3.3471811064953636
2015-11-18,26.56485366821289,29.32250022888184,29.372499465942383,28.875,28.940000534057617,186698800,3.378355147219196
2015-11-19,26.902320861816406,29.69499969482422,29.9375,29.190000534057617,29.40999984741211,173183200,3.3909786711908145
2015-11-20,27.020097732543945,29.825000762939453,29.979999542236328,29.71249961853028,29.799999237060547,137148400,3.395346993564514
2015-11-23,26.66904067993164,29.4375,29.9325008392334,29.334999084472656,29.8174991607666,129930000,3.3822693717766366
2015-11-24,26.92497444152832,29.71999931335449,29.83749961853028,29.280000686645508,29.332500457763672,171212800,3.391820196745739
2015-11-25,26.73245620727539,29.50749969482422,29.8075008392334,29.479999542236328,29.802499771118164,85553200,3.3846444579787747
2015-11-27,26.682632446289062,29.45249938964844,29.602500915527344,29.39999961853028,29.57250022888184,52185600,3.3827787754148857
2015-11-30,26.793609619140625,29.575000762939453,29.852500915527344,29.4375,29.497499465942383,156721200,3.3869294356612194
2015-12-01,26.57617950439453,29.334999084472656,29.70249938964844,29.21500015258789,29.6875,139409600,3.3787813111684364
2015-12-02,26.336105346679688,29.06999969482422,29.52750015258789,29.020000457763672,29.334999084472656,133546400,3.3697067040728217
2015-12-03,26.091493606567383,28.799999237060547,29.19750022888184,28.55500030517578,29.137500762939453,166278000,3.3603753606509468
2015-12-04,26.95895004272461,29.75749969482422,29.8125,28.77750015258789,28.82250022888184,231108000,3.3930811908044736
2015-12-07,26.78908348083496,29.56999969482422,29.96500015258789,29.45249938964844,29.7450008392334,128336800,3.386760323543933
2015-12-08,26.777755737304688,29.5575008392334,29.64999961853028,29.21500015258789,29.3799991607666,137238000,3.386337547148378
2015-12-09,26.186622619628903,28.905000686645508,29.42250061035156,28.770000457763672,29.40999984741211,185445600,3.3640146142896894
2015-12-10,26.311193466186523,29.042499542236328,29.23500061035156,28.877500534057617,29.01000022888184,116850800,3.3687602586436376
2015-12-11,25.63399314880371,28.295000076293945,28.84749984741211,28.21249961853028,28.79750061035156,187544800,3.342685113290863
2015-12-14,25.47544860839844,28.1200008392334,28.170000076293945,27.44750022888184,28.045000076293945,257274800,3.336481096787179
2015-12-15,25.02473258972168,27.622499465942383,28.200000762939453,27.58749961853028,27.98500061035156,213292400,3.3186306386710407
2015-12-16,25.217247009277344,27.834999084472656,27.997499465942383,27.200000762939453,27.76749992370605,224954000,3.3262941887442423
2015-12-17,24.6827392578125,27.2450008392334,28.0625,27.2450008392334,28.0049991607666,179091200,3.304870048838269
2015-12-18,24.014604568481445,26.50749969482422,27.3799991607666,26.45249938964844,27.227500915527344,385813200,3.277427700305007
2015-12-21,24.309024810791016,26.832500457763672,26.842500686645508,26.39249992370605,26.81999969482422,190362400,3.2896138564335877
2015-12-22,24.286375045776367,26.8075008392334,26.93000030517578,26.612499237060547,26.850000381469727,131157600,3.288681730418081
2015-12-23,24.598939895629883,27.15250015258789,27.21249961853028,26.799999237060547,26.8174991607666,130629600,3.301469128791717
2015-12-24,24.467573165893555,27.00749969482422,27.25,26.987499237060547,27.25,54281600,3.296114593909335
2015-12-28,24.193523406982425,26.70499992370605,26.92250061035156,26.545000076293945,26.897499084472656,106816800,3.2848508109348176
2015-12-29,24.62837791442871,27.184999465942383,27.357500076293945,26.71500015258789,26.739999771118164,123724800,3.302665330952579
2015-12-30,24.306764602661133,26.82999992370605,27.174999237060547,26.795000076293945,27.145000457763672,100855200,3.2895206615939268
2015-12-31,23.840206146240234,26.315000534057617,26.75749969482422,26.20499992370605,26.752500534057617,163649200,3.2701391391005403
2016-01-04,23.86058616638184,26.33749961853028,26.342500686645508,25.5,25.65250015258789,270597600,3.2709937646464073
2016-01-05,23.26265525817871,25.677499771118164,26.46249961853028,25.602500915527344,26.4375,223164000,3.2456151131441104
2016-01-06,22.80740737915039,25.174999237060547,25.592500686645508,24.967500686645508,25.13999938964844,273829600,3.2258514082991856
2016-01-07,21.84483528137207,24.112499237060547,25.03249931335449,24.107500076293945,24.670000076293945,324377600,3.1827303465910193
2016-01-08,21.96034049987793,24.239999771118164,24.77750015258789,24.190000534057617,24.637500762939453,283192000,3.188004151758794
2016-01-11,22.3159294128418,24.63249969482422,24.76499938964844,24.334999084472656,24.74250030517578,198957600,3.2040666968253406
2016-01-12,22.63980865478516,24.989999771118164,25.17250061035156,24.709999084472656,25.137500762939453,196616800,3.218475735687924
2016-01-13,22.0577335357666,24.34749984741211,25.29750061035156,24.325000762939453,25.07999992370605,249758400,3.1924291685861306
2016-01-14,22.540151596069336,24.8799991607666,25.1200008392334,23.934999465942383,24.489999771118164,252680400,3.214064234139732
2016-01-15,21.99884796142578,24.28249931335449,24.427499771118164,23.84000015258789,24.049999237060547,319335600,3.189755898016967
2016-01-19,21.89239501953125,24.165000915527344,24.662500381469727,23.875,24.602500915527344,212350800,3.1849053431835497
2016-01-20,21.921844482421875,24.19750022888184,24.54750061035156,23.354999542236328,23.77499961853028,289337600,3.186249331500011
2016-01-21,21.81085968017578,24.075000762939453,24.46999931335449,23.73500061035156,24.26499938964844,208646000,3.181173989374301
2016-01-22,22.9704818725586,25.354999542236328,25.364999771118164,24.592500686645508,24.65749931335449,263202000,3.232975931192805
2016-01-25,22.52203750610352,24.86000061035156,25.38249969482422,24.802499771118164,25.3799991607666,207178000,3.2132601106341157
2016-01-26,22.6466007232666,24.997499465942383,25.21999931335449,24.51749992370605,24.982500076293945,300308000,3.218775798503426
2016-01-27,21.158571243286133,23.354999542236328,24.15749931335449,23.334999084472656,24.01000022888184,533478800,3.1508110743538285
2016-01-28,21.310317993164062,23.522499084472656,23.6299991607666,23.09749984741211,23.44750022888184,222715200,3.157957370977438
2016-01-29,22.04640769958496,24.334999084472656,24.334999084472656,23.58749961853028,23.69750022888184,257666000,3.1919156056635822
2016-02-01,21.840303421020508,24.107500076293945,24.177499771118164,23.850000381469727,24.11750030517578,163774000,3.1825229985671415
2016-02-02,21.398651123046875,23.6200008392334,24.01000022888184,23.56999969482422,23.854999542236328,149428800,3.1620938462998422
2016-02-03,21.82218170166016,24.08749961853028,24.209999084472656,23.520000457763672,23.75,183857200,3.1816930179036516
2016-02-04,21.99752616882324,24.14999961853028,24.332500457763672,23.79750061035156,23.96500015258789,185886800,3.184284364302734
2016-02-05,21.41001510620117,23.5049991607666,24.229999542236328,23.42250061035156,24.1299991607666,185672400,3.1572131287716303
2016-02-08,21.63545227050781,23.752500534057617,23.924999237060547,23.26000022888184,23.28249931335449,216085600,3.167687810583037
2016-02-09,21.63089942932129,23.747499465942383,23.98500061035156,23.482500076293945,23.57250022888184,177324800,3.1674772392931962
2016-02-10,21.46693992614746,23.5674991607666,24.08749961853028,23.52499961853028,23.979999542236328,169374400,3.1598686086783916
2016-02-11,21.33714866638184,23.424999237060547,23.68000030517578,23.147499084472656,23.44750022888184,200298800,3.1538037955550315
2016-02-12,21.40318298339844,23.497499465942383,23.625,23.252500534057617,23.54750061035156,161405600,3.1568940097840454
2016-02-16,22.006635665893555,24.15999984741211,24.21249961853028,23.65250015258789,23.7549991607666,196231600,3.18469836675089
2016-02-17,22.34365463256836,24.530000686645508,24.552499771118164,24.037500381469727,24.167499542236328,179452800,3.1998968862624686
2016-02-18,21.92010498046875,24.065000534057617,24.72249984741211,24.022499084472656,24.709999084472656,156084000,3.180758524947369
2016-02-19,21.870004653930664,24.01000022888184,24.190000534057617,23.950000762939453,24.0,141496800,3.178470419765933
2016-02-22,22.06128692626953,24.21999931335449,24.225000381469727,23.979999542236328,24.07749938964844,137123200,3.1871787097745945
2016-02-23,21.56258583068848,23.67250061035156,24.125,23.637500762939453,24.100000381469727,127770400,3.1643140626586654
2016-02-24,21.8836669921875,24.02499961853028,24.09499931335449,23.32999992370605,23.4950008392334,145022800,3.179094938978324
2016-02-25,22.03396415710449,24.190000534057617,24.190000534057617,23.8125,24.012500762939453,110330800,3.185939346699555
2016-02-26,22.06811714172364,24.227500915527344,24.5049991607666,24.145000457763672,24.299999237060547,115964400,3.187488389415334
2016-02-29,22.01802062988281,24.17250061035156,24.5575008392334,24.162500381469727,24.21500015258789,140865200,3.185215648625397
2016-03-01,22.892454147338867,25.13249969482422,25.1924991607666,24.354999542236328,24.412500381469727,201628400,3.224161817154763
2016-03-02,22.94255256652832,25.1875,25.22249984741211,24.90999984741211,25.127500534057617,132678400,3.226347839706902
2016-03-03,23.113338470458984,25.375,25.427499771118164,25.112499237060547,25.145000457763672,147822800,3.2337644373619514
2016-03-04,23.45719718933105,25.752500534057617,25.9375,25.342500686645508,25.592500686645508,184220400,3.2485317305137995
2016-03-07,23.197599411010746,25.467500686645508,25.707500457763672,25.239999771118164,25.59749984741211,143315600,3.2374031564437216
2016-03-08,23.00631332397461,25.25749969482422,25.440000534057617,25.100000381469727,25.19499969482422,126247600,3.2291231292371694
2016-03-09,23.026811599731445,25.280000686645508,25.395000457763672,25.0674991607666,25.32749938964844,108806800,3.2300135964402665
2016-03-10,23.038198471069336,25.292499542236328,25.559999465942383,25.037500381469727,25.352500915527344,134054400,3.2305078909991174
2016-03-11,23.28641128540039,25.565000534057617,25.56999969482422,25.375,25.559999465942383,109632800,3.241224249422149
2016-03-14,23.345611572265625,25.6299991607666,25.727500915527344,25.44499969482422,25.477500915527344,100304400,3.2437635076317965
2016-03-15,23.81471061706543,26.145000457763672,26.295000076293945,25.96249961853028,25.989999771118164,160270800,3.2636579851487446
2016-03-16,24.13123893737793,26.49250030517578,26.57749938964844,26.147499084472656,26.15250015258789,153214000,3.2768616855861814
2016-03-17,24.092533111572266,26.450000762939453,26.61750030517578,26.239999771118164,26.3799991607666,137682800,3.2752561871488997
2016-03-18,24.11985206604004,26.479999542236328,26.625,26.29750061035156,26.584999084472656,176820800,3.2763897137816596
2016-03-21,24.117582321166992,26.477500915527344,26.912500381469727,26.28499984741211,26.482500076293945,142010800,3.2762953503132466
2016-03-22,24.30203056335449,26.68000030517578,26.82250022888184,26.302499771118164,26.3125,129777600,3.2839142324857957
2016-03-23,24.16767883300781,26.53249931335449,26.76749992370605,26.475000381469727,26.6200008392334,102814000,3.278370370774428
2016-03-24,24.06291961669922,26.417499542236328,26.5625,26.22249984741211,26.36750030517578,104532000,3.274026652005002
2016-03-28,23.95362091064453,26.29750061035156,26.54750061035156,26.26499938964844,26.5,77645600,3.2694739008407816
2016-03-29,24.52063751220703,26.920000076293945,26.94750022888184,26.21999931335449,26.22249984741211,124760400,3.292869507610626
2016-03-30,24.9487533569336,27.38999938964844,27.604999542236328,27.14999961853028,27.162500381469727,182404400,3.3101779609912496
2016-03-31,24.81894302368164,27.247499465942383,27.475000381469727,27.21999931335449,27.43000030517578,103553600,3.3049617541810865
2016-04-01,25.04666328430176,27.497499465942383,27.5,27.049999237060547,27.19499969482422,103496000,3.314095072027092
2016-04-04,25.30398750305176,27.780000686645508,28.04750061035156,27.5674991607666,27.604999542236328,149424800,3.3243163620434584
2016-04-05,25.00568008422852,27.45249938964844,27.6825008392334,27.354999542236328,27.377500534057617,106314800,3.3124572162567265
2016-04-06,25.267547607421875,27.739999771118164,27.7450008392334,27.299999237060547,27.5575008392334,105616400,3.3228754066357182
2016-04-07,24.71647453308105,27.13500022888184,27.604999542236328,27.030000686645508,27.487499237060547,127207600,3.3008244159502986
2016-04-08,24.743803024291992,27.165000915527344,27.4424991607666,27.042499542236328,27.227500915527344,94326800,3.3019294137059463
2016-04-11,24.82577514648437,27.2549991607666,27.65250015258789,27.207500457763672,27.24250030517578,117630000,3.3052369597243376
2016-04-12,25.149139404296875,27.61000061035156,27.625,27.165000915527344,27.334999084472656,108929200,3.31817804804824
2016-04-13,25.513486862182617,28.01000022888184,28.084999084472656,27.700000762939453,27.700000762939453,133029200,3.3325615974434504
2016-04-14,25.527145385742188,28.02499961853028,28.09749984741211,27.832500457763672,27.905000686645508,101895600,3.3330969553464582
2016-04-15,25.014781951904297,27.46249961853028,28.075000762939453,27.4325008392334,28.02750015258789,187756000,3.3128214238201608
2016-04-18,24.47509384155273,26.8700008392334,27.237499237060547,26.73500061035156,27.22249984741211,243286000,3.2910104538604994
2016-04-19,24.34529495239257,26.727500915527344,27.0,26.5575008392334,26.96999931335449,129539600,3.2856930321596503
2016-04-20,24.395387649536133,26.78249931335449,27.022499084472656,26.51499938964844,26.65999984741211,122444000,3.2877486635167337
2016-04-21,24.13123893737793,26.49250030517578,26.732500076293945,26.3799991607666,26.732500076293945,126210000,3.2768616855861814
2016-04-22,24.06520652770996,26.420000076293945,26.6200008392334,26.155000686645508,26.252500534057617,134732400,3.2741213019819138
2016-04-25,23.92856979370117,26.270000457763672,26.412500381469727,26.127500534057617,26.25,112126400,3.268427621122788
2016-04-26,23.7623348236084,26.08749961853028,26.325000762939453,25.977500915527344,25.977500915527344,224064800,3.2614562577806177
2016-04-27,22.27533912658692,24.45499992370605,24.677499771118164,23.920000076293945,24.0,458408400,3.1968346908715515
2016-04-28,21.594463348388672,23.707500457763672,24.46999931335449,23.5625,24.40250015258789,328970800,3.1657914730845578
2016-04-29,21.34625244140625,23.434999465942383,23.68000030517578,23.127500534057617,23.497499465942383,274126000,3.15423060858578
2016-05-02,21.3234806060791,23.40999984741211,23.520000457763672,23.100000381469727,23.49250030517578,192640400,3.1531632749847547
2016-05-03,21.674171447753903,23.795000076293945,23.934999465942383,23.420000076293945,23.549999237060547,227325200,3.1694754777793754
2016-05-04,21.44872283935547,23.54750061035156,23.975000381469727,23.45499992370605,23.799999237060547,164102000,3.15901968363485
2016-05-05,21.36166763305664,23.309999465942383,23.51749992370605,23.170000076293945,23.5,143562000,3.1488824301365708
2016-05-06,21.242536544799805,23.18000030517578,23.362499237060547,22.96249961853028,23.342500686645508,174799600,3.1432898510770837
2016-05-09,21.25857353210449,23.19750022888184,23.4424991607666,23.147499084472656,23.25,131745600,3.144044524111857
2016-05-10,21.402904510498047,23.354999542236328,23.39249992370605,23.02750015258789,23.332500457763672,134747200,3.1508110743538285
2016-05-11,21.194425582885746,23.127500534057617,23.39249992370605,23.114999771118164,23.3700008392334,114876400,3.1410224087552234
2016-05-12,20.69725799560547,22.584999084472656,23.19499969482422,22.36750030517578,23.18000030517578,305258800,3.117285928569602
2016-05-13,20.738502502441406,22.6299991607666,22.917499542236328,22.5,22.5,177571200,3.119276422560452
2016-05-16,21.50829124450684,23.46999931335449,23.59749984741211,22.912500381469727,23.09749984741211,245039200,3.155722980606625
2016-05-17,21.4189395904541,23.372499465942383,23.674999237060547,23.252500534057617,23.637500762939453,187667600,3.151560094733505
2016-05-18,21.6640853881836,23.63999938964844,23.802499771118164,23.47249984741211,23.540000915527344,168249600,3.162940166719303
2016-05-19,21.581605911254883,23.549999237060547,23.65999984741211,23.39249992370605,23.65999984741211,121768400,3.1591257880658463
2016-05-20,21.81529426574707,23.80500030517578,23.857500076293945,23.6299991607666,23.65999984741211,128104000,3.1698956554663007
2016-05-23,22.092506408691406,24.107500076293945,24.29750061035156,23.917499542236328,23.967500686645508,152074400,3.1825229985671415
2016-05-24,22.42929458618164,24.475000381469727,24.522499084472656,24.209999084472656,24.30500030517578,140560800,3.197652204002671
2016-05-25,22.82334899902344,24.905000686645508,24.934999465942383,24.52750015258789,24.667499542236328,152675200,3.2150686140958347
2016-05-26,23.00434684753418,25.102500915527344,25.1825008392334,24.65999984741211,24.920000076293945,225324800,3.222967479243014
2016-05-27,22.990598678588867,25.08749961853028,25.11750030517578,24.8125,24.86000061035156,145364800,3.222369698916887
2016-05-31,22.87833595275879,24.96500015258789,25.100000381469727,24.70499992370605,24.89999961853028,169228800,3.217474850064645
2016-06-01,22.557592391967773,24.614999771118164,24.88500022888184,24.582500457763672,24.7549991607666,116693200,3.203356003911694
2016-06-02,22.38805389404297,24.43000030517578,24.459999084472656,24.15749931335449,24.39999961853028,160766400,3.1958118977614944
2016-06-03,22.43387222290039,24.479999542236328,24.5674991607666,24.362499237060547,24.44750022888184,114019600,3.197856438944629
2016-06-06,22.596540451049805,24.65749931335449,25.47249984741211,24.387500762939453,24.497499465942383,93170000,3.2050810859986822
2016-06-07,22.688175201416016,24.75749969482422,24.967500686645508,24.739999771118164,24.8125,89638000,3.2091284610867215
2016-06-08,22.66756248474121,24.73500061035156,24.88999938964844,24.670000076293945,24.7549991607666,83392400,3.2082192693552956
2016-06-09,22.830224990844727,24.912500381469727,24.997499465942383,24.614999771118164,24.625,106405600,3.2153697008512956
2016-06-10,22.642358779907227,24.707500457763672,24.83749961853028,24.6200008392334,24.63249969482422,126851600,3.2071068597955183
2016-06-13,22.300996780395508,24.334999084472656,24.780000686645508,24.27499961853028,24.67250061035156,152082000,3.1919156056635822
2016-06-14,22.3284854888916,24.364999771118164,24.6200008392334,24.1875,24.32999992370605,127727600,3.1931476669015915
2016-06-15,22.25517463684082,24.28499984741211,24.602500915527344,24.25749969482422,24.45499992370605,117780800,3.1898588695144925
2016-06-16,22.349102020263672,24.387500762939453,24.4375,24.01749992370605,24.112499237060547,125307200,3.194070737233266
2016-06-17,21.84049415588379,23.832500457763672,24.162500381469727,23.825000762939453,24.155000686645508,244032800,3.171050214593135
2016-06-20,21.787803649902344,23.77499961853028,24.14249992370605,23.75749969482422,24.0,137647600,3.1686345923864603
2016-06-21,21.97337532043457,23.977500915527344,24.08749961853028,23.670000076293945,23.73500061035156,142185600,3.1771159288027375
2016-06-22,21.89089584350586,23.887500762939453,24.22249984741211,23.83749961853028,24.0625,116876400,3.173355341505248
2016-06-23,22.01690673828125,24.02499961853028,24.07250022888184,23.8125,23.98500061035156,128960800,3.179094938978324
2016-06-24,21.39832305908203,23.350000381469727,23.665000915527344,23.162500381469727,23.227500915527344,301245600,3.1505970004519392
2016-06-27,21.08674430847168,23.01000022888184,23.262500762939453,22.875,23.25,181958400,3.135928913994334
2016-06-28,21.441850662231445,23.397499084472656,23.415000915527344,23.03499984741211,23.225000381469727,161779600,3.152629139919993
2016-06-29,21.627429962158203,23.600000381469727,23.637500762939453,23.40749931335449,23.49250030517578,146124000,3.1612467281955356
2016-06-30,21.9023494720459,23.89999961853028,23.9424991607666,23.575000762939453,23.61000061035156,143345600,3.1738784429763887
2016-07-01,21.968795776367188,23.97249984741211,24.11750030517578,23.832500457763672,23.872499465942383,104106000,3.176907333680577
2016-07-05,21.762598037719727,23.747499465942383,23.850000381469727,23.614999771118164,23.84749984741211,110820800,3.1674772392931962
2016-07-06,21.886320114135746,23.88249969482422,23.915000915527344,23.592500686645508,23.64999961853028,123796400,3.173145960383809
2016-07-07,21.9802474975586,23.98500061035156,24.125,23.905000686645508,23.924999237060547,100558400,3.1774286604012465
2016-07-08,22.149789810180664,24.170000076293945,24.22249984741211,24.012500762939453,24.122499465942383,115648400,3.185112197871947
2016-07-11,22.21851348876953,24.2450008392334,24.412500381469727,24.1825008392334,24.1875,95179600,3.188210445172015
2016-07-12,22.319324493408203,24.354999542236328,24.424999237060547,24.280000686645508,24.292499542236328,96670000,3.192737148463036
2016-07-13,22.193315505981445,24.217500686645508,24.417499542236328,24.209999084472656,24.352500915527344,103568800,3.1870755406716804
2016-07-14,22.63319969177246,24.69750022888184,24.747499465942383,24.32999992370605,24.34749984741211,155676000,3.2067020332039013
2016-07-15,22.630905151367188,24.69499969482422,24.825000762939453,24.625,24.729999542236328,120548000,3.206600781634792
2016-07-18,22.871458053588867,24.957500457763672,25.03249931335449,24.64999961853028,24.674999237060547,145975600,3.217174396570171
2016-07-19,22.880624771118164,24.967500686645508,25.0,24.834999084472656,24.88999938964844,95119600,3.2175750066367246
2016-07-20,22.90124893188477,24.989999771118164,25.114999771118164,24.934999465942383,25.0,105104000,3.218475735687924
2016-07-21,22.779821395874023,24.857500076293945,25.25,24.78249931335449,24.957500457763672,130808000,3.213159520941344
2016-07-22,22.603416442871094,24.665000915527344,24.825000762939453,24.57749938964844,24.815000534057617,113254800,3.2053852718041824
2016-07-25,22.300996780395508,24.334999084472656,24.709999084472656,24.229999542236328,24.5625,161531600,3.1919156056635822
2016-07-26,22.14749336242676,24.167499542236328,24.49250030517578,24.104999542236328,24.20499992370605,224959200,3.185008736415331
2016-07-27,23.586271286010746,25.737499237060547,26.08749961853028,25.6875,26.0674991607666,369379200,3.247949042710801
2016-07-28,23.90472221374512,26.084999084472656,26.112499237060547,25.70499992370605,25.707500457763672,159479200,3.2613604013765083
2016-07-29,23.87493896484375,26.052499771118164,26.137500762939453,25.920000076293945,26.04750061035156,110934800,3.2601137240990377
2016-08-01,24.29648971557617,26.512500762939453,26.537500381469727,26.102500915527344,26.102500915527344,152671600,3.2776163486673946
2016-08-02,23.93680191040039,26.1200008392334,26.51749992370605,26.0,26.512500762939453,135266400,3.2627013365381456
2016-08-03,24.23691940307617,26.44750022888184,26.459999084472656,26.1924991607666,26.20249938964844,120810400,3.275161644532988
2016-08-04,24.38664627075196,26.467500686645508,26.5,26.31999969482422,26.395000457763672,109634800,3.2759175911783656
2016-08-05,24.75750160217285,26.8700008392334,26.912500381469727,26.545000076293945,26.5674991607666,162213600,3.2910104538604994
2016-08-08,24.96251678466797,27.092500686645508,27.092500686645508,26.790000915527344,26.8799991607666,112148800,3.2992569621595
2016-08-09,25.06386947631836,27.20249938964844,27.23500061035156,27.002500534057617,27.0575008392334,105260800,3.3033088584056967
2016-08-10,24.87727737426757,27.0,27.225000381469727,26.940000534057617,27.177499771118164,96034000,3.295836866004329
2016-08-11,24.86115455627441,26.982500076293945,27.232500076293945,26.96249961853028,27.1299991607666,109938000,3.295188510544899
2016-08-12,24.918745040893555,27.045000076293945,27.11000061035156,26.94499969482422,26.94499969482422,74641600,3.2975021481443902
2016-08-15,25.218196868896484,27.3700008392334,27.38500022888184,27.020000457763672,27.03499984741211,103472800,3.3094475537151156
2016-08-16,25.19516372680664,27.34499931335449,27.5575008392334,27.302499771118164,27.40749931335449,135177600,3.3085336716882763
2016-08-17,25.15831184387207,27.30500030517578,27.342500686645508,27.084999084472656,27.27499961853028,101424000,3.30706984678067
2016-08-18,25.126052856445312,27.270000457763672,27.39999961853028,27.2549991607666,27.3075008392334,87938800,3.3057872136438435
2016-08-19,25.1905574798584,27.34000015258789,27.42250061035156,27.09000015258789,27.1924991607666,101472400,3.308350836876926
2016-08-22,24.99476432800293,27.127500534057617,27.27499961853028,26.96249961853028,27.21500015258789,103280800,3.3005479931991712
2016-08-23,25.073074340820312,27.21249961853028,27.32999992370605,27.13249969482422,27.147499084472656,85030800,3.303676412542486
2016-08-24,24.88419342041016,27.00749969482422,27.1875,26.920000076293945,27.14249992370605,94700400,3.296114593909335
2016-08-25,24.77823066711425,26.89249992370605,26.96999931335449,26.670000076293945,26.84749984741211,100344800,3.291847434487026
2016-08-26,24.63311767578125,26.73500061035156,26.987499237060547,26.57749938964844,26.852500915527344,111065200,3.285973591230377
2016-08-29,24.605478286743164,26.70499992370605,26.86000061035156,26.57250022888184,26.655000686645508,99881200,3.2848508109348176
2016-08-30,24.416593551635746,26.5,26.625,26.375,26.450000762939453,99455600,3.2771447329921766
2016-08-31,24.43962287902832,26.52499961853028,26.64249992370605,26.40999984741211,26.415000915527344,118649600,3.2780876701185306
2016-09-01,24.58475112915039,26.6825008392334,26.700000762939453,26.405000686645508,26.53499984741211,106806000,3.28400795125856
2016-09-02,24.81509017944336,26.9325008392334,27.0,26.70499992370605,26.924999237060547,107210000,3.29333376694683
2016-09-06,24.808177947998047,26.924999237060547,27.075000762939453,26.877500534057617,26.975000381469727,107521600,3.293055194706725
2016-09-07,24.960203170776367,27.09000015258789,27.190000534057617,26.76749992370605,26.957500457763672,169457200,3.2991646617296317
2016-09-08,24.306026458740234,26.3799991607666,26.8174991607666,26.309999465942383,26.8125,212008000,3.272606115475923
2016-09-09,23.75550079345703,25.78249931335449,26.43000030517578,25.78249931335449,26.15999984741211,186228000,3.249695940575855
2016-09-12,24.28759956359864,26.36000061035156,26.43000030517578,25.63249969482422,25.662500381469727,181171200,3.271847732788766
2016-09-13,24.86576271057129,26.987499237060547,27.19750022888184,26.809999465942383,26.877500534057617,248704800,3.2953737675708203
2016-09-14,25.74568557739257,27.9424991607666,28.25749969482422,27.14999961853028,27.1825008392334,443554800,3.3301487972433303
2016-09-15,26.620996475219727,28.89249992370605,28.9325008392334,28.372499465942383,28.46500015258789,359934400,3.363582043226845
2016-09-16,26.471269607543945,28.729999542236328,29.03249931335449,28.51000022888184,28.780000686645508,319547600,3.357941857057899
2016-09-19,26.1626033782959,28.395000457763672,29.045000076293945,28.3125,28.79750061035156,188092000,3.346213089450673
2016-09-20,26.16030502319336,28.39249992370605,28.530000686645508,28.127500534057617,28.262500762939453,138057200,3.346125023096548
2016-09-21,26.15569877624512,28.387500762939453,28.497499465942383,28.11000061035156,28.46249961853028,144012800,3.345948934307571
2016-09-22,26.40217018127441,28.655000686645508,28.73500061035156,28.5,28.58749961853028,124296000,3.355327971966203
2016-09-23,25.96221160888672,28.177499771118164,28.69750022888184,27.887500762939453,28.604999542236328,209924800,3.3385237790112385
2016-09-26,26.00136375427246,28.21999931335449,28.34749984741211,27.887500762939453,27.90999984741211,119477600,3.340030922092793
2016-09-27,26.04974174499512,28.272499084472656,28.295000076293945,28.084999084472656,28.25,98429600,3.341889568381088
2016-09-28,26.24783515930176,28.487499237060547,28.65999984741211,28.357500076293945,28.42250061035156,118564400,3.3494653677902506
2016-09-29,25.840126037597656,28.045000076293945,28.450000762939453,27.950000762939453,28.290000915527344,143548000,3.333810365680712
2016-09-30,26.040525436401367,28.262500762939453,28.342500686645508,27.950000762939453,28.114999771118164,145516400,3.3415358645988498
2016-10-03,25.918445587158203,28.1299991607666,28.262500762939453,28.06999969482422,28.177499771118164,86807200,3.3368365926676593
2016-10-04,26.02900695800781,28.25,28.57749938964844,28.15749931335449,28.26499938964844,118947200,3.34109345759245
2016-10-05,26.040525436401367,28.262500762939453,28.415000915527344,28.17250061035156,28.350000381469727,85812400,3.3415358645988498
2016-10-06,26.23401260375977,28.47249984741211,28.584999084472656,28.28249931335449,28.424999237060547,115117200,3.348938703807237
2016-10-07,26.273174285888672,28.51499938964844,28.63999938964844,28.377500534057617,28.57749938964844,97433600,3.3504302432039235
2016-10-10,26.731563568115234,29.012500762939453,29.1875,28.68000030517578,28.7549991607666,144944000,3.367726797897477
2016-10-11,26.78915023803711,29.075000762939453,29.67250061035156,29.049999237060547,29.424999237060547,256164000,3.3698787246451216
2016-10-12,27.028703689575195,29.334999084472656,29.4950008392334,29.1875,29.33749961853028,150347200,3.3787813111684364
2016-10-13,26.945785522460938,29.2450008392334,29.36000061035156,28.93000030517578,29.19750022888184,140769600,3.375708647591634
2016-10-14,27.09550666809082,29.40749931335449,29.542499542236328,29.28249931335449,29.46999931335449,142608800,3.381249720503126
2016-10-17,27.07707405090332,29.387500762939453,29.459999084472656,29.19499969482422,29.332500457763672,94499600,3.380569439827547
2016-10-18,27.058656692504883,29.36750030517578,29.552499771118164,29.362499237060547,29.545000076293945,98214000,3.37988863110752
2016-10-19,26.978031158447266,29.280000686645508,29.440000534057617,28.450000762939453,29.3125,80138400,3.3769047125441185
2016-10-20,26.96420860290528,29.26499938964844,29.34499931335449,29.082500457763672,29.21500015258789,96503200,3.3763922418871593
2016-10-21,26.858253479003903,29.14999961853028,29.227500915527344,29.06999969482422,29.20249938964844,92770800,3.3724548997100614
2016-10-24,27.100112915039062,29.412500381469727,29.434999465942383,29.25,29.27499961853028,94154800,3.3814197670231274
2016-10-25,27.23832321166992,29.5625,29.59000015258789,29.32749938964844,29.487499237060547,192516000,3.386506666252152
2016-10-26,26.62560272216797,28.897499084472656,28.924999237060547,28.32749938964844,28.57749938964844,264536800,3.3637550545043973
2016-10-27,26.369918823242188,28.6200008392334,28.96500015258789,28.52499961853028,28.84749984741211,138248000,3.3541058034516236
2016-10-28,26.19485664367676,28.43000030517578,28.802499771118164,28.362499237060547,28.467500686645508,151446800,3.347444936397195
2016-10-31,26.153392791748047,28.38500022888184,28.5575008392334,28.299999237060547,28.412500381469727,105677600,3.345860844686168
2016-11-01,25.68118095397949,27.872499465942383,28.4424991607666,27.63249969482422,28.364999771118164,175303200,3.327640520498853
2016-11-02,25.704221725463867,27.897499084472656,28.08749961853028,27.8075008392334,27.850000381469727,113326800,3.3285370462601778
2016-11-03,25.42870712280273,27.457500457763672,27.864999771118164,27.387500762939453,27.7450008392334,107730400,3.312639371352081
2016-11-04,25.199493408203125,27.209999084472656,27.5625,27.02750015258789,27.13249969482422,123348000,3.3035845191484308
2016-11-07,25.56299018859864,27.602500915527344,27.627500534057617,27.364999771118164,27.520000457763672,130240000,3.3179063814994305
2016-11-08,25.713483810424805,27.76499938964844,27.93000030517578,27.424999237060547,27.57749938964844,97016800,3.323776212710802
2016-11-09,25.67180824279785,27.71999931335449,27.82999992370605,27.012500762939453,27.46999931335449,236705600,3.322154149550941
2016-11-10,24.95638656616211,26.94750022888184,27.772499084472656,26.457500457763672,27.772499084472656,228538000,3.293890537167267
2016-11-11,25.10456275939941,27.107500076293945,27.217500686645508,26.637500762939453,26.780000686645508,136575600,3.2998104451786956
2016-11-14,24.474809646606445,26.427499771118164,26.95249938964844,26.020000457763672,26.927499771118164,204702000,3.274405125999936
2016-11-15,24.79894256591797,26.77750015258789,26.920000076293945,26.540000915527344,26.64249992370605,129058000,3.2875619883550096
2016-11-16,25.46574592590332,27.497499465942383,27.5575008392334,26.64999961853028,26.674999237060547,235362000,3.314095072027092
2016-11-17,25.45648956298828,27.487499237060547,27.58749961853028,27.207500457763672,27.45249938964844,110528000,3.31373132812501
2016-11-18,25.48195457458496,27.51499938964844,27.63500022888184,27.415000915527344,27.43000030517578,113715600,3.3147312883292193
2016-11-21,25.868616104125977,27.9325008392334,27.997499465942383,27.502500534057617,27.530000686645508,117058400,3.329790915484407
2016-11-22,25.88481330871582,27.950000762939453,28.104999542236328,27.850000381469727,27.987499237060547,103862000,3.3304172268976893
2016-11-23,25.752843856811523,27.8075008392334,27.877500534057617,27.582500457763672,27.84000015258789,109705600,3.3253057986641563
2016-11-25,25.882503509521484,27.94750022888184,27.967500686645508,27.737499237060547,27.78249931335449,45903600,3.330327758352051
2016-11-28,25.83156013488769,27.89249992370605,28.11750030517578,27.84749984741211,27.857500076293945,108776000,3.328357832749912
2016-11-29,25.806095123291016,27.864999771118164,28.00749969482422,27.51749992370605,27.69499969482422,114115200,3.3273714128075453
