Date,adj close_googl,close_googl,high_googl,low_googl,open_googl,volume_googl
2014-08-01,28.609159469604492,28.68000030517578,29.171499252319336,28.514999389648438,28.927499771118164,44266000
2014-08-04,29.041587829589844,29.113500595092773,29.19099998474121,28.613000869750977,28.82550048828125,30388000
2014-08-05,28.58621597290039,28.656999588012695,29.010000228881836,28.515499114990234,28.9689998626709,32876000
2014-08-06,28.65355110168457,28.72450065612793,28.93199920654297,28.372499465942383,28.475000381469727,26456000
2014-08-07,28.519880294799805,28.590499877929688,28.91550064086914,28.471500396728516,28.802499771118164,23260000
2014-08-08,28.82562255859375,28.89699935913086,28.97800064086914,28.451000213623047,28.60099983215332,29866000
2014-08-11,28.791208267211914,28.862499237060547,28.984500885009766,28.764999389648438,28.950000762939453,24068000
2014-08-12,28.535343170166016,28.606000900268555,28.795000076293945,28.495500564575195,28.75,27890000
2014-08-13,29.155805587768555,29.22800064086914,29.306499481201172,28.760000228881836,28.822500228881836,37988000
2014-08-14,29.160295486450195,29.232500076293945,29.389999389648438,29.04599952697754,29.33449935913086,25458000
2014-08-15,29.1134090423584,29.18549919128418,29.473499298095703,29.038000106811523,29.375,34468000
2014-08-18,29.561800003051758,29.635000228881836,29.752500534057617,29.327499389648438,29.354999542236328,29320000
2014-08-19,29.781755447387695,29.855499267578125,29.890499114990234,29.722000122070312,29.779499053955078,20864000
2014-08-20,29.69696617126465,29.77050018310547,29.84950065612793,29.649999618530273,29.84749984741211,19346000
2014-08-21,29.547834396362305,29.621000289916992,29.762500762939453,29.55500030517578,29.7450008392334,22640000
2014-08-22,29.553821563720703,29.62700080871582,29.749500274658203,29.489999771118164,29.66349983215332,17544000
2014-08-25,29.455562591552734,29.528499603271484,29.77899932861328,29.46299934387207,29.738500595092773,25912000
2014-08-26,29.333364486694336,29.4060001373291,29.602500915527344,29.372499465942383,29.600000381469727,29434000
2014-08-27,29.0779972076416,29.149999618530273,29.4685001373291,29.045000076293945,29.390499114990234,27292000
2014-08-28,28.9443302154541,29.016000747680664,29.23550033569336,28.893999099731445,29.000999450683594,28116000
2014-08-29,29.04607582092285,29.118000030517578,29.145000457763672,28.91200065612793,29.11750030517578,24122000
2014-09-02,29.358802795410156,29.431499481201172,29.46500015258789,29.1200008392334,29.147499084472656,31660000
2014-09-03,29.4031925201416,29.47599983215332,29.72450065612793,29.325000762939453,29.58650016784668,31580000
2014-09-04,29.5837459564209,29.656999588012695,29.899999618530273,29.530000686645508,29.60650062561035,32616000
2014-09-05,29.815174102783203,29.888999938964844,29.924999237060547,29.677499771118164,29.756500244140625,35982000
2014-09-08,30.0071964263916,30.081499099731445,30.176000595092773,29.900999069213867,29.957000732421875,31984000
2014-09-09,29.525390625,29.598499298095703,30.030000686645508,29.52400016784668,30.013500213623047,31424000
2014-09-10,29.59770965576172,29.67099952697754,29.68600082397461,29.35700035095215,29.586999893188477,23202000
2014-09-11,29.48249626159668,29.555500030517578,29.59749984741211,29.302000045776367,29.5,30028000
2014-09-12,29.17276382446289,29.2450008392334,29.573999404907227,29.163999557495117,29.519500732421875,37030000
2014-09-15,29.01016616821289,29.082000732421875,29.195999145507812,28.850500106811523,29.11199951171875,30908000
2014-09-16,29.366283416748047,29.43899917602539,29.50749969482422,29.047500610351562,29.047500610351562,31592000
2014-09-17,29.59122657775879,29.664499282836914,29.803499221801758,29.356000900268555,29.475500106811523,34390000
2014-09-18,29.789735794067383,29.863500595092773,29.878000259399414,29.650999069213867,29.752500534057617,29890000
2014-09-19,30.195232391357422,30.270000457763672,30.270000457763672,29.88800048828125,29.97450065612793,83832000
2014-09-22,29.789735794067383,29.863500595092773,30.190000534057617,29.6560001373291,30.125,35644000
2014-09-23,29.48598861694336,29.55900001525879,29.832500457763672,29.511999130249023,29.75,28074000
2014-09-24,29.847091674804688,29.92099952697754,30.00550079345703,29.514999389648438,29.578500747680664,35160000
2014-09-25,29.190221786499023,29.262500762939453,29.903499603271484,29.23699951171875,29.84950065612793,33420000
2014-09-26,29.3223934173584,29.395000457763672,29.478500366210938,29.25,29.296499252319336,25782000
2014-09-29,29.317903518676758,29.390499114990234,29.465499877929688,29.078500747680664,29.09149932861328,22874000
2014-09-30,29.347829818725586,29.420499801635742,29.549999237060547,29.225000381469727,29.374500274658203,31430000
2014-10-01,28.909914016723633,28.98150062561035,29.43600082397461,28.900999069213867,29.34000015258789,28954000
2014-10-02,28.972261428833008,29.04400062561035,29.16200065612793,28.702499389648438,28.899999618530273,30726000
2014-10-03,29.240097045898438,29.3125,29.414499282836914,29.174999237060547,29.204999923706055,24290000
2014-10-06,29.316408157348633,29.388999938964844,29.6200008392334,29.270000457763672,29.497499465942383,25722000
2014-10-07,28.634096145629883,28.704999923706055,29.292499542236328,28.704999923706055,29.2450008392334,30914000
2014-10-08,29.114906311035156,29.187000274658203,29.234500885009766,28.381999969482422,28.739500045776367,44158000
2014-10-09,28.47000503540039,28.54050064086914,29.12649917602539,28.451499938964844,29.08049964904785,48234000
2014-10-10,27.690933227539062,27.75950050354004,28.761499404907227,27.750499725341797,28.37350082397461,59574000
2014-10-13,27.17022132873535,27.237499237060547,28.04400062561035,27.221500396728516,27.756500244140625,55116000
2014-10-14,27.366735458374023,27.434499740600586,27.931499481201172,27.225000381469727,27.506999969482422,52198000
2014-10-15,26.9697208404541,27.036500930786133,27.195999145507812,26.42099952697754,27.104000091552734,76720000
2014-10-16,26.77968978881836,26.84600067138672,27.04949951171875,26.247499465942383,26.350000381469727,76100000
2014-10-17,26.083913803100586,26.148500442504883,27.172500610351562,25.920499801635742,27.022499084472656,119930000
2014-10-20,26.55324935913086,26.618999481201172,26.658000946044922,25.957000732421875,26.022499084472656,54964000
2014-10-21,26.835052490234375,26.901500701904297,26.938499450683594,26.510000228881836,26.863500595092773,49190000
2014-10-22,27.067476272583008,27.13450050354004,27.538000106811523,27.011499404907227,27.052499771118164,59474000
2014-10-23,27.614124298095703,27.6825008392334,27.8700008392334,27.274999618530273,27.413999557495117,43026000
2014-10-24,27.37721061706543,27.44499969482422,27.75,27.257999420166016,27.749000549316406,43508000
2014-10-27,27.426088333129883,27.493999481201172,27.700000762939453,27.360000610351562,27.38800048828125,31934000
2014-10-28,27.87796974182129,27.94700050354004,27.959999084472656,27.521499633789062,27.585500717163086,34774000
2014-10-29,27.853530883789062,27.922500610351562,28.24850082397461,27.798999786376953,28.042499542236328,41066000
2014-10-30,27.944305419921875,28.013500213623047,28.125,27.60650062561035,27.912500381469727,32250000
2014-10-31,28.323366165161133,28.39349937438965,28.436500549316406,28.24049949645996,28.415000915527344,46810000
2014-11-03,28.118871688842773,28.188499450683594,28.357500076293945,28.081499099731445,28.17650032043457,30834000
2014-11-04,28.139822006225586,28.20949935913086,28.239500045776367,27.915000915527344,28.058000564575195,27726000
2014-11-05,27.728839874267578,27.797500610351562,28.344999313354492,27.707500457763672,28.339500427246094,32906000
2014-11-06,27.51636505126953,27.58449935913086,27.84000015258789,27.52899932861328,27.774999618530273,33014000
2014-11-07,27.52284812927246,27.590999603271484,27.780000686645508,27.467500686645508,27.780000686645508,31782000
2014-11-10,27.842559814453125,27.911500930786133,28.0314998626709,27.58099937438965,27.6200008392334,26090000
2014-11-11,27.995180130004883,28.06450080871582,28.125,27.812000274658203,27.926000595092773,21966000
2014-11-12,27.843555450439453,27.912500381469727,28.0625,27.774999618530273,28.0575008392334,21882000
2014-11-13,27.753278732299805,27.82200050354004,28.041000366210938,27.704500198364258,28.04050064086914,30220000
2014-11-14,27.690933227539062,27.75950050354004,27.899999618530273,27.625499725341797,27.899999618530273,28502000
2014-11-17,27.264488220214844,27.332000732421875,27.75950050354004,27.222000122070312,27.75950050354004,33612000
2014-11-18,27.15825080871582,27.225500106811523,27.63949966430664,27.190000534057617,27.396499633789062,36440000
2014-11-19,27.292421340942383,27.360000610351562,27.410999298095703,26.95949935913086,27.237499237060547,30346000
2014-11-20,27.1208438873291,27.187999725341797,27.268999099731445,27.075000762939453,27.10449981689453,35016000
2014-11-21,27.227081298828125,27.29450035095215,27.552000045776367,27.25,27.552000045776367,50120000
2014-11-24,27.306385040283203,27.374000549316406,27.559499740600586,27.207500457763672,27.328500747680664,33076000
2014-11-25,27.39366912841797,27.46150016784668,27.625,27.345500946044922,27.36050033569336,38072000
2014-11-26,27.3188533782959,27.386499404907227,27.493999481201172,27.261499404907227,27.46150016784668,29604000
2014-11-28,27.386186599731445,27.45400047302246,27.479999542236328,27.224000930786133,27.350000381469727,24202000
2014-12-01,26.915851593017578,26.982500076293945,27.43950080871582,26.930999755859375,27.254499435424805,39888000
2014-12-02,26.86298370361328,26.929500579833984,27.092500686645508,26.732999801635742,26.97249984741211,41480000
2014-12-03,26.782182693481445,26.848499298095703,27.070499420166016,26.760499954223633,26.875,32476000
2014-12-04,27.061988830566406,27.128999710083008,27.13450050354004,26.74449920654297,26.881999969482422,32598000
2014-12-05,26.33877944946289,26.40399932861328,26.90999984741211,26.363000869750977,26.834999084472656,61402000
2014-12-08,26.47095489501953,26.536500930786133,26.69099998474121,26.350000381469727,26.461000442504883,64566000
2014-12-09,26.739288330078125,26.805500030517578,26.832500457763672,26.170499801635742,26.29400062561035,43322000
2014-12-10,26.3367862701416,26.402000427246094,26.968000411987305,26.374500274658203,26.795000076293945,46222000
2014-12-11,26.53978157043457,26.605499267578125,26.851999282836914,26.45800018310547,26.500499725341797,41426000
2014-12-12,26.011093139648438,26.07550048828125,26.61199951171875,26.072999954223633,26.371999740600586,47314000
2014-12-15,25.72829246520996,25.79199981689453,26.26849937438965,25.770000457763672,26.187999725341797,52352000
2014-12-16,24.84647560119629,24.908000946044922,25.77899932861328,24.859500885009766,25.68000030517578,86998000
2014-12-17,25.259952545166016,25.322500228881836,25.453500747680664,24.95549964904785,24.993000030517578,72788000
2014-12-18,25.667444229125977,25.731000900268555,25.8125,25.327999114990234,25.79949951171875,77534000
2014-12-19,25.937774658203125,26.00200080871582,26.04050064086914,25.44300079345703,25.84950065612793,97442000
2014-12-22,26.549259185791016,26.614999771118164,26.648500442504883,26.029499053955078,26.030500411987305,66390000
2014-12-23,26.87196159362793,26.938499450683594,27.114999771118164,26.68600082397461,26.725500106811523,57544000
2014-12-24,26.780189514160156,26.846500396728516,27.01449966430664,26.7549991607666,26.94099998474121,14754000
2014-12-26,27.00912094116211,27.076000213623047,27.162500381469727,26.774499893188477,26.846500396728516,22270000
2014-12-29,26.79913902282715,26.86549949645996,27.196500778198242,26.857999801635742,27.024999618530273,44300000
2014-12-30,26.697891235351562,26.763999938964844,26.892000198364258,26.680500030517578,26.74799919128418,20972000
2014-12-31,26.46746253967285,26.533000946044922,26.920000076293945,26.510000228881836,26.886999130249023,24648000
2015-01-02,26.412099838256836,26.477500915527344,26.790000915527344,26.393999099731445,26.6299991607666,26480000
2015-01-05,25.908843994140625,25.972999572753906,26.399499893188477,25.887500762939453,26.357500076293945,41182000
2015-01-06,25.26943016052246,25.332000732421875,26.06049919128418,25.27750015258789,26.024999618530273,54456000
2015-01-07,25.195114135742188,25.25749969482422,25.574499130249023,25.1825008392334,25.547500610351562,46918000
2015-01-08,25.282896041870117,25.345500946044922,25.375,24.750999450683594,25.07550048828125,73054000
2015-01-09,24.974159240722656,25.035999298095703,25.43000030517578,24.9325008392334,25.409000396728516,42000000
2015-01-12,24.79161262512207,24.85300064086914,25.013999938964844,24.545499801635742,24.961999893188477,57138000
2015-01-13,25.028026580810547,25.09000015258789,25.43000030517578,24.863000869750977,25.12849998474121,60958000
2015-01-14,25.2340145111084,25.296499252319336,25.413000106811523,24.908000946044922,25.020999908447266,52800000
2015-01-15,25.138254165649414,25.20050048828125,25.487499237060547,25.100500106811523,25.444499969482422,51068000
2015-01-16,25.459957122802734,25.523000717163086,25.542499542236328,25.154499053955078,25.157499313354492,49658000
2015-01-20,25.43402099609375,25.496999740600586,25.780500411987305,25.4685001373291,25.638500213623047,46796000
2015-01-21,25.955230712890625,26.019500732421875,26.092500686645508,25.47949981689453,25.54199981689453,46356000
2015-01-22,26.798643112182617,26.864999771118164,26.941999435424805,26.095500946044922,26.149999618530273,56068000
2015-01-23,27.030567169189453,27.09749984741211,27.27050018310547,26.787500381469727,26.901500701904297,45966000
2015-01-26,26.76971435546875,26.836000442504883,27.075000762939453,26.603500366210938,27.075000762939453,30932000
2015-01-27,25.99513053894043,26.059499740600586,26.638999938964844,26.042999267578125,26.56999969482422,39148000
2015-01-28,25.55821418762207,25.62150001525879,26.284500122070312,25.61750030517578,26.25,35822000
2015-01-29,25.598115921020508,25.661500930786133,25.75950050354004,25.173999786376953,25.645000457763672,79018000
2015-01-30,26.811111450195312,26.877500534057617,27.155000686645508,25.909000396728516,25.950000762939453,121108000
2015-02-02,26.544273376464844,26.610000610351562,26.825000762939453,26.086000442504883,26.715999603271484,75378000
2015-02-03,26.599138259887695,26.665000915527344,26.872499465942383,26.340499877929688,26.496999740600586,47062000
2015-02-04,26.240026473999023,26.30500030517578,26.837499618530273,26.25149917602539,26.656999588012695,33896000
2015-02-05,26.42606544494629,26.491500854492188,26.534500122070312,26.281999588012695,26.396499633789062,33176000
2015-02-06,26.62806510925293,26.694000244140625,27.01099967956543,26.4325008392334,26.550500869750977,42938000
2015-02-09,26.398632049560547,26.464000701904297,26.694000244140625,26.377500534057617,26.55299949645996,30314000
2015-02-10,26.941287994384766,27.007999420166016,27.049999237060547,26.458499908447266,26.607500076293945,47430000
2015-02-11,26.833555221557617,26.899999618530273,27.09749984741211,26.799999237060547,26.986499786376953,38306000
2015-02-12,27.23306655883789,27.300500869750977,27.41699981689453,26.850000381469727,26.982999801635742,48590000
2015-02-13,27.489931106567383,27.558000564575195,27.62700080871582,27.329999923706055,27.375499725341797,47382000
2015-02-17,27.183189392089844,27.250499725341797,27.649999618530273,27.163000106811523,27.558000564575195,39174000
2015-02-18,27.065481185913086,27.13249969482422,27.377500534057617,26.977500915527344,27.19099998474121,31164000
2015-02-19,27.25501251220703,27.322500228881836,27.343000411987305,27.037500381469727,27.12350082397461,30834000
2015-02-20,27.023086547851562,27.09000015258789,27.378999710083008,26.905000686645508,27.378999710083008,38234000
2015-02-23,26.683927536010742,26.75,26.96500015258789,26.600000381469727,26.950000762939453,32906000
2015-02-24,26.865976333618164,26.9325008392334,26.969999313354492,26.549999237060547,26.577499389648438,28406000
2015-02-25,27.298904418945312,27.366500854492188,27.478500366210938,26.90049934387207,26.922000885009766,40836000
2015-02-26,27.895427703857422,27.964500427246094,28.006500244140625,27.254499435424805,27.28700065612793,54032000
2015-02-27,28.062013626098633,28.131500244140625,28.47100067138672,27.851499557495117,27.907499313354492,68328000
2015-03-02,28.679983139038086,28.750999450683594,28.79949951171875,28.157499313354492,28.350000381469727,50406000
2015-03-03,28.868019104003906,28.93950080871582,29.042499542236328,28.524999618530273,28.8174991607666,50526000
2015-03-04,28.845073699951172,28.916500091552734,29.081499099731445,28.625999450683594,28.848499298095703,37964000
2015-03-05,28.999692916870117,29.071500778198242,29.15999984741211,28.911500930786133,28.981000900268555,35918000
2015-03-06,28.57424545288086,28.645000457763672,29.138999938964844,28.60300064086914,29.100000381469727,37592000
2015-03-09,28.634096145629883,28.704999923706055,28.772499084472656,28.452499389648438,28.54599952697754,23478000
2015-03-10,27.923357009887695,27.99250030517578,28.488000869750977,27.990999221801758,28.423999786376953,40080000
2015-03-11,27.715871810913086,27.784500122070312,28.208999633789062,27.77050018310547,27.989999771118164,40524000
2015-03-12,27.989192962646484,28.058500289916992,28.091999053955078,27.776500701904297,27.923999786376953,35602000
2015-03-13,27.581703186035156,27.649999618530273,28.218000411987305,27.51650047302246,27.96150016784668,35428000
2015-03-16,28.012636184692383,28.082000732421875,28.1875,27.56599998474121,27.846500396728516,36856000
2015-03-17,27.811634063720703,27.88050079345703,28.031999588012695,27.720500946044922,27.914499282836914,28892000
2015-03-18,28.238079071044922,28.308000564575195,28.32550048828125,27.674999237060547,27.886499404907227,35324000
2015-03-19,28.1138858795166,28.183500289916992,28.347999572753906,28.106000900268555,28.22599983215332,24660000
2015-03-20,28.17772674560547,28.247499465942383,28.354999542236328,28.224000930786133,28.335500717163086,44320000
2015-03-23,28.19867515563965,28.26849937438965,28.48200035095215,28.152999877929688,28.299999237060547,30234000
2015-03-24,28.805673599243164,28.87700080871582,29.0939998626709,28.404499053955078,28.427000045776367,79156000
2015-03-25,28.27997398376465,28.350000381469727,29.00349998474121,28.350000381469727,28.87849998474121,53070000
2015-03-26,28.112388610839844,28.18199920654297,28.359500885009766,27.91550064086914,28.232500076293945,49842000
2015-03-27,27.80864143371582,27.877500534057617,28.203500747680664,27.846500396728516,28.09149932861328,34552000
2015-03-30,27.98769760131836,28.05699920654297,28.107999801635742,27.839500427246094,28.012500762939453,24788000
2015-03-31,27.666492462158203,27.735000610351562,28.122499465942383,27.73349952697754,27.89699935913086,34932000
2015-04-01,27.40663719177246,27.47450065612793,27.924999237060547,27.30150032043457,27.741500854492188,38902000
2015-04-02,26.998645782470703,27.065500259399414,27.399999618530273,27.02199935913086,27.370500564575195,47760000
2015-04-06,27.130321502685547,27.197500228881836,27.277000427246094,26.78499984741211,26.941999435424805,33718000
2015-04-07,27.175708770751953,27.243000030517578,27.507999420166016,27.179500579833984,27.249500274658203,27318000
2015-04-08,27.374216079711914,27.441999435424805,27.575000762939453,27.299999237060547,27.299999237060547,28386000
2015-04-09,27.333316802978516,27.400999069213867,27.4685001373291,27.09749984741211,27.460500717163086,32366000
2015-04-10,27.3592529296875,27.427000045776367,27.49250030517578,27.249000549316406,27.478500366210938,26104000
2015-04-13,27.364240646362305,27.43199920654297,27.66349983215332,27.315000534057617,27.352500915527344,29326000
2015-04-14,26.92233657836914,26.98900032043457,27.328500747680664,26.78700065612793,27.328500747680664,47206000
2015-04-15,26.985179901123047,27.052000045776367,27.159500122070312,26.618499755859375,26.898000717163086,46962000
2015-04-16,27.108875274658203,27.176000595092773,27.261499404907227,26.905000686645508,26.917499542236328,31722000
2015-04-17,26.571205139160156,26.636999130249023,26.989999771118164,26.450000762939453,26.86549949645996,49234000
2015-04-20,27.159250259399414,27.226499557495117,27.290000915527344,26.667499542236328,26.6875,38508000
2015-04-21,27.078947067260742,27.145999908447266,27.388500213623047,27.11050033569336,27.315500259399414,29128000
2015-04-22,27.39117431640625,27.458999633789062,27.549999237060547,27.06599998474121,27.152999877929688,31806000
2015-04-23,27.80415153503418,27.87299919128418,28.058500289916992,27.503999710083008,27.52050018310547,78184000
2015-04-24,28.612152099609375,28.683000564575195,29.235000610351562,28.417499542236328,29.002500534057617,92168000
2015-04-27,28.236083984375,28.305999755859375,28.775999069213867,28.114999771118164,28.638500213623047,48062000
2015-04-28,28.1487979888916,28.2185001373291,28.39150047302246,28.04800033569336,28.215999603271484,37178000
2015-04-29,28.000167846679688,28.069499969482422,28.29199981689453,27.950000762939453,28.02549934387207,33622000
2015-04-30,27.370723724365234,27.438499450683594,28.055500030517578,27.336000442504883,27.92799949645996,47240000
2015-05-01,27.489931106567383,27.558000564575195,27.56100082397461,27.1924991607666,27.52549934387207,36572000
2015-05-04,27.57372283935547,27.642000198364258,27.83449935913086,27.36949920654297,27.54949951171875,35260000
2015-05-05,27.084932327270508,27.152000427246094,27.63050079345703,27.118499755859375,27.507999420166016,28528000
2015-05-06,26.687915802001953,26.753999710083008,27.196500778198242,26.61199951171875,27.131999969482422,39034000
2015-05-07,27.03505516052246,27.101999282836914,27.260000228881836,26.672500610351562,26.795000076293945,31844000
2015-05-08,27.379703521728516,27.447500228881836,27.639999389648438,27.401500701904297,27.443500518798828,28226000
2015-05-11,27.221593856811523,27.288999557495117,27.668500900268555,27.280000686645508,27.42449951171875,21858000
2015-05-12,26.869966506958008,26.936500549316406,27.148000717163086,26.75,27.140499114990234,35282000
2015-05-13,26.907873153686523,26.97450065612793,27.191999435424805,26.948999404907227,27.023500442504883,24238000
2015-05-14,27.39217185974121,27.459999084472656,27.484500885009766,27.125,27.19849967956543,31736000
2015-05-15,27.25700569152832,27.324499130249023,27.530000686645508,27.125,27.519500732421875,33440000
2015-05-18,27.26598358154297,27.333499908447266,27.41699981689453,27.112499237060547,27.19099998474121,26706000
2015-05-19,27.396163940429688,27.464000701904297,27.670000076293945,27.356000900268555,27.399999618530273,47126000
2015-05-20,27.557262420654297,27.625499725341797,27.803499221801758,27.2549991607666,27.54599952697754,30840000
2015-05-21,27.771732330322266,27.840499877929688,27.88050079345703,27.46500015258789,27.510000228881836,34170000
2015-05-22,27.657514572143555,27.72599983215332,27.91200065612793,27.680999755859375,27.722999572753906,24266000
2015-05-26,27.291921615600586,27.359500885009766,27.666500091552734,27.148500442504883,27.628999710083008,37474000
2015-05-27,27.6440486907959,27.712499618530273,27.76449966430664,27.32900047302246,27.43400001525879,34844000
2015-05-28,27.64055633544922,27.708999633789062,27.788000106811523,27.540000915527344,27.68950080871582,23544000
2015-05-29,27.198652267456055,27.266000747680664,27.69700050354004,27.25200080871582,27.65999984741211,43446000
2015-06-01,27.392671585083008,27.460500717163086,27.528499603271484,27.179000854492188,27.436500549316406,33210000
2015-06-02,27.629085540771484,27.697500228881836,27.93950080871582,27.327499389648438,27.37150001525879,31842000
2015-06-03,27.695920944213867,27.76449966430664,27.899499893188477,27.607500076293945,27.7549991607666,26710000
2015-06-04,27.51636505126953,27.58449935913086,27.79800033569336,27.45599937438965,27.608999252319336,26866000
2015-06-05,27.408632278442383,27.476499557495117,27.666500091552734,27.368999481201172,27.600000381469727,24396000
2015-06-08,27.10687828063965,27.173999786376953,27.493499755859375,27.147499084472656,27.480499267578125,27336000
2015-06-09,27.04104232788086,27.107999801635742,27.242000579833984,26.9424991607666,27.17099952697754,30016000
2015-06-10,27.561752319335938,27.6299991607666,27.73900032043457,27.25550079345703,27.28499984741211,30316000
2015-06-11,27.43406867980957,27.50200080871582,27.741500854492188,27.458499908447266,27.72450065612793,25872000
2015-06-12,27.305885314941406,27.37350082397461,27.4424991607666,27.2814998626709,27.357500076293945,25468000
2015-06-15,27.08293914794922,27.149999618530273,27.202499389648438,26.960500717163086,27.136499404907227,27150000
2015-06-16,27.17620849609375,27.243499755859375,27.33449935913086,27.078500747680664,27.224000930786133,32526000
2015-06-17,27.262495040893555,27.329999923706055,27.417999267578125,27.090499877929688,27.270999908447266,24440000
2015-06-18,27.740310668945312,27.80900001525879,27.862499237060547,27.399999618530273,27.399999618530273,41192000
2015-06-19,27.807144165039062,27.875999450683594,27.89550018310547,27.613000869750977,27.826000213623047,59290000
2015-06-22,27.91487693786621,27.983999252319336,28.280500411987305,27.945499420166016,27.970500946044922,34752000
2015-06-23,28.09992027282715,28.16950035095215,28.2450008392334,27.857500076293945,27.989500045776367,31396000
2015-06-24,27.859514236450195,27.928499221801758,28.131999969482422,27.840499877929688,28.124000549316406,28924000
2015-06-25,27.828590393066406,27.897499084472656,28.156999588012695,27.87299919128418,28.014999389648438,26684000
2015-06-26,27.58469581604004,27.652999877929688,28.0,27.592500686645508,27.98550033569336,43676000
2015-06-29,26.99565315246582,27.0625,27.545000076293945,27.011999130249023,27.337499618530273,37756000
2015-06-30,26.935304641723633,27.00200080871582,27.295000076293945,26.976999282836914,27.254499435424805,34510000
2015-07-01,27.097902297973633,27.165000915527344,27.29050064086914,26.988000869750977,27.183000564575195,30760000
2015-07-02,27.299402236938477,27.367000579833984,27.399999618530273,27.178499221801758,27.23699951171875,28124000
2015-07-06,27.21361541748047,27.2810001373291,27.429000854492188,27.104999542236328,27.112499237060547,25614000
2015-07-07,27.433568954467773,27.50149917602539,27.549999237060547,26.99250030517578,27.37150001525879,33578000
2015-07-08,27.018098831176758,27.084999084472656,27.413999557495117,27.059999465942383,27.280000686645508,27662000
2015-07-09,27.165233612060547,27.232500076293945,27.444000244140625,27.231000900268555,27.4325008392334,29766000
2015-07-10,27.736818313598633,27.805500030517578,27.964500427246094,27.600000381469727,27.68549919128418,43436000
2015-07-13,28.51589012145996,28.58650016784668,28.642499923706055,27.934999465942383,27.975500106811523,41792000
2015-07-14,29.136852264404297,29.208999633789062,29.48550033569336,28.708499908447266,28.725000381469727,74832000
2015-07-15,29.125879287719727,29.197999954223633,29.434499740600586,29.010499954223633,29.187000274658203,41466000
2015-07-16,30.014680862426758,30.089000701904297,30.225000381469727,29.395999908447266,29.475000381469727,112642000
2015-07-17,34.894596099853516,34.98099899291992,35.150001525878906,33.900001525878906,34.0,257162000
2015-07-20,34.55643081665039,34.641998291015625,34.88999938964844,34.0885009765625,34.44900131225586,102436000
2015-07-21,34.68162536621094,34.76750183105469,35.279998779296875,34.20750045776367,34.24399948120117,75604000
2015-07-22,34.669151306152344,34.755001068115234,35.666500091552734,34.58100128173828,34.70100021362305,83100000
2015-07-23,33.653167724609375,33.73649978637695,34.80350112915039,33.579498291015625,34.592498779296875,76232000
2015-07-24,32.65763473510742,32.73849868774414,33.88949966430664,32.659000396728516,33.8385009765625,82622000
2015-07-27,32.83220291137695,32.91350173950195,33.35350036621094,32.57749938964844,32.57849884033203,58382000
2015-07-28,32.90153121948242,32.983001708984375,33.20500183105469,32.670501708984375,33.0880012512207,34364000
2015-07-29,32.989810943603516,33.07149887084961,33.166500091552734,32.641998291015625,33.112998962402344,36756000
2015-07-30,33.14592742919922,33.22800064086914,33.40250015258789,32.58449935913086,32.87200164794922,39606000
2015-07-31,32.793800354003906,32.875,33.25,32.86000061035156,33.23500061035156,34922000
2015-08-03,33.15390396118164,33.236000061035156,33.333499908447266,32.882999420166016,32.882999420166016,31348000
2015-08-04,32.982330322265625,33.06399917602539,33.400001525878906,33.0255012512207,33.21699905395508,26188000
2015-08-05,33.58134841918945,33.66450119018555,33.99549865722656,33.27899932861328,33.287498474121094,36448000
2015-08-06,33.42473602294922,33.50749969482422,33.73749923706055,33.0364990234375,33.699501037597656,40660000
2015-08-07,33.137447357177734,33.21950149536133,33.439998626708984,32.94350051879883,33.388999938964844,27544000
2015-08-10,33.075103759765625,33.15700149536133,33.58100128173828,33.01150131225586,33.35449981689453,34458000
2015-08-11,34.429744720458984,34.51499938964844,35.20000076293945,34.215999603271484,34.979000091552734,109880000
2015-08-12,34.488101959228516,34.57350158691406,34.79999923706055,34.0255012512207,34.7244987487793,58498000
2015-08-13,34.24071502685547,34.32550048828125,34.701499938964844,34.10900115966797,34.459999084472656,36354000
2015-08-14,34.383358001708984,34.46849822998047,34.612998962402344,34.14500045776367,34.20199966430664,27598000
2015-08-17,34.61977767944336,34.705501556396484,34.73699951171875,34.15299987792969,34.402000427246094,24680000
2015-08-18,34.3514404296875,34.436500549316406,34.78799819946289,34.26599884033203,34.55350112915039,27710000
2015-08-19,34.61628341674805,34.70199966430664,35.0099983215332,34.34000015258789,34.50550079345703,50194000
2015-08-20,33.89008331298828,33.9739990234375,34.80799865722656,33.763999938964844,34.45500183105469,57798000
2015-08-21,32.12196350097656,32.201499938964844,33.644500732421875,32.154998779296875,33.551998138427734,91880000
2015-08-24,30.829160690307617,30.905500411987305,31.384000778198242,29.654499053955078,30.030000686645508,129788000
2015-08-25,30.54785919189453,30.62350082397461,32.349998474121094,30.583499908447266,32.32350158691406,71430000
2015-08-26,32.905521392822266,32.98699951171875,33.124000549316406,31.51849937438965,32.154998779296875,87740000
2015-08-27,33.31550598144531,33.39799880981445,33.69900131225586,32.55500030517578,33.5994987487793,58974000
2015-08-28,32.90302658081055,32.984500885009766,33.349998474121094,32.6875,33.28799819946289,38836000
2015-08-31,32.31099319458008,32.39099884033203,33.22050094604492,32.317501068115234,32.71699905395508,38936000
2015-09-01,31.400249481201172,31.47800064086914,32.22200012207031,31.253000259399414,31.690500259399414,51458000
2015-09-02,32.16585159301758,32.24549865722656,32.25299835205078,31.531999588012695,31.899999618530273,37630000
2015-09-03,31.773822784423828,31.852500915527344,32.5625,31.690500259399414,32.39649963378906,34572000
2015-09-04,31.370323181152344,31.447999954223633,31.725000381469727,31.325000762939453,31.485000610351562,40478000
2015-09-08,32.114479064941406,32.194000244140625,32.25199890136719,31.645000457763672,32.04999923706055,39092000
2015-09-09,32.09103775024414,32.170501708984375,32.86800003051758,32.04499816894531,32.59400177001953,40978000
2015-09-10,32.47359085083008,32.55400085449219,32.744998931884766,32.084999084472656,32.19499969482422,27850000
2015-09-11,32.6840705871582,32.76499938964844,32.765499114990234,32.37049865722656,32.510501861572266,34892000
2015-09-14,32.54291915893555,32.62350082397461,32.79600143432617,32.474998474121094,32.78150177001953,29942000
2015-09-15,33.171363830566406,33.253501892089844,33.442501068115234,32.66699981689453,32.83549880981445,35546000
2015-09-16,33.19380569458008,33.2760009765625,33.403499603271484,33.11000061035156,33.27750015258789,26252000
2015-09-17,33.500545501708984,33.583499908447266,34.0994987487793,33.25,33.3745002746582,47752000
2015-09-18,32.96437454223633,33.04600143432617,33.492000579833984,33.00149917602539,33.25299835205078,72544000
2015-09-21,33.266624450683594,33.3489990234375,33.45000076293945,32.900001525878906,33.2755012512207,39094000
2015-09-22,32.57932662963867,32.65999984741211,32.941001892089844,32.25149917602539,32.87350082397461,54362000
2015-09-23,32.58382034301758,32.66450119018555,33.013999938964844,32.5364990234375,32.64500045776367,29160000
2015-09-24,32.66461944580078,32.74549865722656,32.8385009765625,32.10850143432617,32.44850158691406,38692000
2015-09-25,31.92844009399414,32.00749969482422,32.92900085449219,31.982999801635742,32.92900085449219,48480000
2015-09-28,31.13540267944336,31.212499618530273,32.14250183105469,30.892000198364258,31.952499389648438,47646000
2015-09-29,31.053606033325195,31.13050079345703,31.733999252319336,30.901500701904297,31.274999618530273,42130000
2015-09-30,31.83966064453125,31.918500900268555,31.965499877929688,31.457500457763672,31.59149932861328,52954000
2015-10-01,32.02070999145508,32.099998474121094,32.19200134277344,31.555999755859375,31.89699935913086,42506000
2015-10-02,32.76835632324219,32.8494987487793,32.849998474121094,31.674999237060547,31.90049934387207,48788000
2015-10-05,33.50104522705078,33.58399963378906,33.6515007019043,32.79349899291992,33.08000183105469,37960000
2015-10-06,33.49905014038086,33.582000732421875,33.939998626708984,33.15399932861328,33.467498779296875,42774000
2015-10-07,33.41725158691406,33.5,33.9370002746582,32.90549850463867,33.869998931884766,44354000
2015-10-08,33.26762390136719,33.349998474121094,33.59450149536133,32.7244987487793,33.47249984741211,39308000
2015-10-09,33.47909927368164,33.5620002746582,33.704498291015625,33.11800003051758,33.3745002746582,32124000
2015-10-12,33.73796081542969,33.82149887084961,33.89899826049805,33.36199951171875,33.45949935913086,26684000
2015-10-13,34.074127197265625,34.15850067138672,34.42300033569336,33.65549850463867,33.7130012512207,42446000
2015-10-14,33.93647003173828,34.02050018310547,34.50199890136719,33.94499969482422,34.186500549316406,31292000
2015-10-15,34.56541442871094,34.6510009765625,34.70800018310547,34.21950149536133,34.26250076293945,47156000
2015-10-16,34.68012619018555,34.76599884033203,34.81100082397461,34.45500183105469,34.77000045776367,36316000
2015-10-19,34.91105651855469,34.997501373291016,35.012001037597656,34.61050033569336,34.70000076293945,30172000
2015-10-20,33.916019439697266,34.0,34.900001525878906,33.683998107910156,34.894500732421875,52434000
2015-10-21,33.50703048706055,33.59000015258789,34.244998931884766,33.53499984741211,34.160499572753906,31952000
2015-10-22,33.972877502441406,34.05699920654297,34.40250015258789,33.584999084472656,33.77199935913086,88632000
2015-10-23,35.877662658691406,35.96649932861328,37.625,35.89699935913086,37.50299835205078,126726000
2015-10-26,36.46570587158203,36.555999755859375,36.747501373291016,36.000999450683594,36.000999450683594,48776000
2015-10-27,36.55049133300781,36.64099884033203,36.79800033569336,36.207000732421875,36.32849884033203,38778000
2015-10-28,36.75498962402344,36.84600067138672,36.868499755859375,36.36349868774414,36.650001525878906,39604000
2015-10-29,37.150508880615234,37.24250030517578,37.339500427246094,36.757999420166016,36.83150100708008,36520000
2015-10-30,36.7784309387207,36.86949920654297,37.31549835205078,36.826499938964844,37.27799987792969,39984000
2015-11-02,37.294654846191406,37.387001037597656,37.409000396728516,36.5724983215332,36.72650146484375,39914000
2015-11-03,37.34851837158203,37.441001892089844,37.584999084472656,37.05799865722656,37.27149963378906,36306000
2015-11-04,37.672218322753906,37.765499114990234,37.994998931884766,37.459999084472656,37.494998931884766,41840000
2015-11-05,37.93955612182617,38.03350067138672,38.317501068115234,37.87350082397461,37.94049835205078,45486000
2015-11-06,37.98594284057617,38.08000183105469,38.1510009765625,37.75149917602539,37.96950149536133,33544000
2015-11-09,37.64528274536133,37.73849868774414,38.165000915527344,37.455501556396484,37.92599868774414,35538000
2015-11-10,37.81935119628906,37.91299819946289,38.029998779296875,37.420501708984375,37.67399978637695,29798000
2015-11-11,38.167991638183594,38.26250076293945,38.45399856567383,37.98749923706055,38.11899948120117,41866000
2015-11-12,37.73306655883789,37.826499938964844,38.290000915527344,37.792999267578125,38.00899887084961,35452000
2015-11-13,36.91210174560547,37.003501892089844,37.76649856567383,36.9734992980957,37.70199966430664,48188000
2015-11-16,37.428321838378906,37.520999908447266,37.58549880981445,36.71649932861328,37.010501861572266,50704000
2015-11-17,37.206871032714844,37.29899978637695,37.747501373291016,37.20249938964844,37.62350082397461,38864000
2015-11-18,37.90663528442383,38.0004997253418,38.05500030517578,37.36949920654297,37.47850036621094,36266000
2015-11-19,37.90314483642578,37.99700164794922,38.1614990234375,37.86149978637695,37.98899841308594,28078000
2015-11-20,38.75403594970703,38.849998474121094,38.965999603271484,38.20500183105469,38.46500015258789,55478000
2015-11-23,38.73907470703125,38.834999084472656,39.14500045776367,38.675498962402344,38.87350082397461,34648000
2015-11-24,38.38644790649414,38.48149871826172,38.79949951171875,37.90549850463867,38.64799880981445,47880000
2015-11-25,38.36799621582031,38.4630012512207,38.650001525878906,38.326499938964844,38.58449935913086,23612000
2015-11-27,38.50315856933594,38.5984992980957,38.70000076293945,38.349998474121094,38.45800018310547,14434000
2015-11-30,38.04829025268555,38.14250183105469,38.75149917602539,38.055999755859375,38.59349822998047,33586000
2015-12-01,39.09270095825195,39.18949890136719,39.25,38.29750061035156,38.34700012207031,40398000
2015-12-02,38.79643630981445,38.89250183105469,39.65250015258789,38.82149887084961,39.26250076293945,46876000
2015-12-03,38.31512451171875,38.40999984741211,39.2239990234375,38.122501373291016,39.02799987792969,41950000
2015-12-04,38.864261627197266,38.96049880981445,39.12099838256836,38.2755012512207,38.48550033569336,49800000
2015-12-07,38.554039001464844,38.64950180053711,39.04999923706055,38.33599853515625,39.00299835205078,36626000
2015-12-08,38.6612663269043,38.75699996948242,38.932498931884766,38.125999450683594,38.224998474121094,31082000
2015-12-09,38.033321380615234,38.127498626708984,38.804500579833984,37.60049819946289,38.55500030517578,46550000
2015-12-10,37.90813064575195,38.00199890136719,38.30350112915039,37.75,38.179500579833984,32458000
2015-12-11,37.428321838378906,37.520999908447266,37.87200164794922,37.432498931884766,37.45000076293945,43184000
2015-12-14,38.03282165527344,38.12699890136719,38.20750045776367,36.8129997253418,37.5629997253418,53864000
2015-12-15,37.91062927246094,38.00450134277344,38.73749923706055,37.900001525878906,38.38949966430664,49386000
2015-12-16,38.73358917236328,38.829498291015625,39.07500076293945,37.852500915527344,38.32849884033203,53120000
2015-12-17,38.39642333984375,38.49150085449219,39.079498291015625,38.46500015258789,39.05799865722656,36510000
2015-12-18,37.749027252197266,37.842498779296875,38.707000732421875,37.829498291015625,38.36149978637695,67794000
2015-12-21,37.946041107177734,38.040000915527344,38.317501068115234,37.70750045776367,38.15250015258789,34848000
2015-12-22,38.261756896972656,38.35649871826172,38.516998291015625,38.060001373291016,38.2135009765625,36338000
2015-12-23,38.33058547973633,38.425498962402344,38.595001220703125,37.88249969482422,38.53450012207031,30594000
2015-12-24,38.197418212890625,38.29199981689453,38.459999084472656,38.21950149536133,38.42599868774414,10412000
2015-12-28,39.0153923034668,39.11199951171875,39.14099884033203,38.38650131225586,38.5,31156000
2015-12-29,39.599945068359375,39.698001861572266,39.93450164794922,39.310001373291016,39.3494987487793,38430000
2015-12-30,39.417396545410156,39.51499938964844,39.823001861572266,39.36000061035156,39.698001861572266,28566000
2015-12-31,38.804412841796875,38.9005012512207,39.416500091552734,38.86600112915039,39.39099884033203,32752000
2016-01-04,37.87820816040039,37.97200012207031,38.11000061035156,37.37699890136719,38.11000061035156,67382000
2016-01-05,37.982452392578125,38.076499938964844,38.459999084472656,37.782501220703125,38.20500183105469,45216000
2016-01-06,37.87272262573242,37.96649932861328,38.2864990234375,37.400001525878906,37.51850128173828,48206000
2016-01-07,36.9584846496582,37.04999923706055,37.765499114990234,36.763999938964844,37.324501037597656,63132000
2016-01-08,36.455230712890625,36.545501708984375,37.50600051879883,36.44599914550781,37.38999938964844,47506000
2016-01-11,36.562965393066406,36.653499603271484,36.75400161743164,35.97800064086914,36.59749984741211,50896000
2016-01-12,37.174949645996094,37.266998291015625,37.41699981689453,36.82149887084961,37.037498474121094,46816000
2016-01-13,35.88962936401367,35.97850036621094,37.650001525878906,35.8390007019043,37.46699905395508,51728000
2016-01-14,36.47917175292969,36.56949996948242,36.99449920654297,35.25,36.22200012207031,55558000
2016-01-15,35.43675231933594,35.52450180053711,36.20800018310547,35.07550048828125,35.4995002746582,76676000
2016-01-19,35.86519241333008,35.95399856567383,36.26750183105469,35.49250030517578,36.00749969482422,48724000
2016-01-20,35.839256286621094,35.928001403808594,36.34749984741211,34.388999938964844,35.29499816894531,82440000
2016-01-21,36.24375534057617,36.333499908447266,36.88349914550781,35.55550003051758,36.00849914550781,51938000
2016-01-22,37.18093490600586,37.27299880981445,37.428001403808594,37.025001525878906,37.099998474121094,47146000
2016-01-25,36.59039306640625,36.680999755859375,37.62300109863281,36.625,37.19200134277344,45340000
2016-01-26,36.598873138427734,36.68949890136719,36.972999572753906,36.3484992980957,36.760501861572266,30940000
2016-01-27,35.79037857055664,35.87900161743164,36.794498443603516,35.67250061035156,36.794498443603516,42428000
2016-01-28,37.32258224487305,37.415000915527344,37.55799865722656,36.529998779296875,36.90950012207031,62104000
2016-01-29,37.973472595214844,38.067501068115234,38.25550079345703,37.209999084472656,37.448001861572266,75808000
2016-02-01,38.44330978393555,38.53850173950195,38.87950134277344,38.069000244140625,38.5629997253418,111522000
2016-02-02,38.949058532714844,39.045501708984375,40.51750183105469,39.029998779296875,40.025001525878906,135846000
2016-02-03,37.3764533996582,37.46900177001953,39.57149887084961,36.8129997253418,39.31399917602539,131114000
2016-02-04,36.411338806152344,36.50149917602539,37.262001037597656,36.130001068115234,37.22949981689453,104922000
2016-02-05,35.10108184814453,35.1879997253418,36.33599853515625,35.00699996948242,36.275001525878906,109556000
2016-02-08,35.12103271484375,35.20800018310547,35.22600173950195,34.10049819946289,34.38399887084961,89410000
2016-02-09,34.96442413330078,35.05099868774414,36.04800033569336,34.42499923706055,34.647499084472656,84300000
2016-02-10,35.25519943237305,35.342498779296875,36.1609992980957,35.269500732421875,35.589500427246094,60314000
2016-02-11,35.23076248168945,35.31800079345703,35.61600112915039,34.55950164794922,34.81700134277344,65004000
2016-02-12,35.2572021484375,35.34450149536133,35.79999923706055,35.07899856567383,35.61050033569336,46538000
2016-02-16,35.79336929321289,35.88199996948242,36.14400100708008,35.50899887084961,35.932498931884766,43444000
2016-02-17,36.50809860229492,36.5984992980957,36.6879997253418,35.830501556396484,36.349998474121094,49154000
2016-02-18,35.78688430786133,35.8754997253418,36.79999923706055,35.77750015258789,36.698001861572266,47276000
2016-02-19,36.01631546020508,36.105499267578125,36.201499938964844,35.65599822998047,35.79499816894531,34918000
2016-02-22,36.36246109008789,36.45249938964844,36.74250030517578,36.17250061035156,36.47549819946289,37516000
2016-02-23,35.775909423828125,35.864498138427734,36.54499816894531,35.78350067138672,36.30500030517578,41332000
2016-02-24,35.955963134765625,36.04499816894531,36.06100082397461,35.10100173950195,35.53049850463867,37092000
2016-02-25,36.3659553527832,36.45600128173828,36.47549819946289,35.6614990234375,36.14649963378906,36146000
2016-02-26,36.153480529785156,36.24300003051758,36.80799865722656,36.09700012207031,36.68000030517578,42474000
2016-02-29,35.77241897583008,35.861000061035156,36.529998779296875,35.84199905395508,36.04999923706055,45068000
2016-03-01,37.016841888427734,37.10850143432617,37.11650085449219,35.93199920654297,36.064998626708984,60112000
2016-03-02,36.88267135620117,36.9739990234375,37.15599822998047,36.662498474121094,37.14350128173828,36292000
2016-03-03,36.4891471862793,36.579498291015625,37.04999923706055,36.48149871826172,36.9739990234375,40534000
2016-03-04,36.420814514160156,36.51100158691406,36.75,36.28099822998047,36.7400016784668,48516000
2016-03-07,35.55196762084961,35.63999938964844,36.36050033569336,35.25699996948242,36.25749969482422,61690000
2016-03-08,35.588375091552734,35.67649841308594,36.11249923706055,35.20000076293945,35.419498443603516,52530000
2016-03-09,36.180912017822266,36.27050018310547,36.3120002746582,35.632999420166016,35.75849914550781,39544000
2016-03-10,36.5180778503418,36.60850143432617,36.82699966430664,36.16450119018555,36.38949966430664,44616000
2016-03-11,37.15150833129883,37.243499755859375,37.244998931884766,36.834999084472656,36.997501373291016,35380000
2016-03-14,37.41934585571289,37.512001037597656,37.7130012512207,37.18299865722656,37.24850082397461,32824000
2016-03-15,37.4358024597168,37.528499603271484,37.6505012512207,37.141998291015625,37.30099868774414,29832000
2016-03-16,37.77446365356445,37.86800003051758,37.95000076293945,37.32500076293945,37.45249938964844,29306000
2016-03-17,37.830326080322266,37.92399978637695,38.266998291015625,37.86800003051758,37.88249969482422,44564000
2016-03-18,37.67720413208008,37.77050018310547,38.106998443603516,37.590999603271484,38.08150100708008,56222000
2016-03-21,38.01387405395508,38.108001708984375,38.16699981689453,37.563499450683594,37.695499420166016,28774000
2016-03-22,37.90863037109375,38.002498626708984,38.25,37.89400100708008,37.922000885009766,22096000
2016-03-23,37.78443908691406,37.87799835205078,38.269500732421875,37.80149841308594,38.16749954223633,24678000
2016-03-24,37.64877700805664,37.742000579833984,37.87799835205078,37.525001525878906,37.560001373291016,31116000
2016-03-28,37.57096862792969,37.66400146484375,37.915000915527344,37.60200119018555,37.80849838256836,21676000
2016-03-29,38.19990921020508,38.294498443603516,38.35900115966797,37.41450119018555,37.683998107910156,40062000
2016-03-30,38.322105407714844,38.41699981689453,38.865501403808594,38.37900161743164,38.410499572753906,40396000
2016-03-31,38.05078125,38.14500045776367,38.45399856567383,37.912498474121094,38.41699981689453,32554000
2016-04-01,38.38844299316406,38.48350143432617,38.50199890136719,37.7599983215332,37.858001708984375,31674000
2016-04-04,38.16150665283203,38.25600051879883,38.62200164794922,38.089500427246094,38.47549819946289,26924000
2016-04-05,37.834815979003906,37.92850112915039,38.14350128173828,37.779998779296875,37.90650177001953,24478000
2016-04-06,38.30863952636719,38.403499603271484,38.42100143432617,37.814998626708984,37.891998291015625,25312000
2016-04-07,37.91212463378906,38.00600051879883,38.46799850463867,37.875,38.26599884033203,25498000
2016-04-08,37.87969970703125,37.9734992980957,38.35649871826172,37.78850173950195,38.29349899291992,23434000
2016-04-11,37.78343963623047,37.87699890136719,38.361000061035156,37.867000579833984,38.272499084472656,31774000
2016-04-12,38.121604919433594,38.215999603271484,38.24599838256836,37.57849884033203,37.92150115966797,27388000
2016-04-13,38.50016784667969,38.59550094604492,38.787498474121094,38.22949981689453,38.515499114990234,35426000
2016-04-14,38.67374038696289,38.769500732421875,38.980499267578125,38.6609992980957,38.768001556396484,26992000
2016-04-15,38.90366744995117,39.0,39.04650115966797,38.746498107910156,38.775001525878906,31712000
2016-04-18,39.28671646118164,39.38399887084961,39.4275016784668,38.88050079345703,39.009498596191406,33540000
2016-04-19,38.71663284301758,38.8125,39.54750061035156,38.51350021362305,39.525001525878906,43952000
2016-04-20,38.65029525756836,38.74599838256836,38.983001708984375,38.563499450683594,38.95800018310547,34262000
2016-04-21,38.90366744995117,39.0,39.08399963378906,38.57749938964844,38.865501403808594,77628000
2016-04-22,36.79738235473633,36.88850021362305,37.69599914550781,36.51850128173828,37.195499420166016,140798000
2016-04-25,37.01883316040039,37.11050033569336,37.24399948120117,36.755001068115234,36.76750183105469,49442000
2016-04-26,36.178916931152344,36.26850128173828,37.27949905395508,36.01599884033203,37.22100067138672,55864000
2016-04-27,35.98390197753906,36.073001861572266,36.35749816894531,35.45399856567383,36.26599884033203,66262000
2016-04-28,35.16592025756836,35.25299835205078,36.4630012512207,35.15999984741211,36.16450119018555,62590000
2016-04-29,35.306575775146484,35.39400100708008,35.605499267578125,35.18899917602539,35.20600128173828,58278000
2016-05-02,35.63227081298828,35.72050094604492,35.77050018310547,35.31800079345703,35.59600067138672,33476000
2016-05-03,35.33450698852539,35.422000885009766,35.66849899291992,35.36650085449219,35.625,38620000
2016-05-04,35.48064422607422,35.56850051879883,35.752498626708984,35.20249938964844,35.3385009765625,34172000
2016-05-05,35.64723205566406,35.73550033569336,35.877498626708984,35.47249984741211,35.75,29668000
2016-05-06,36.169437408447266,36.25899887084961,36.29949951171875,35.59749984741211,35.61000061035156,39952000
2016-05-09,36.366451263427734,36.45650100708008,36.714500427246094,36.17499923706055,36.334999084472656,38074000
2016-05-10,36.877685546875,36.96900177001953,37.0,36.580501556396484,36.74800109863281,32634000
2016-05-11,36.43727493286133,36.52750015258789,37.040000915527344,36.39500045776367,37.0260009765625,29834000
2016-05-12,36.31358337402344,36.403499603271484,36.76850128173828,36.2135009765625,36.599998474121094,27094000
2016-05-13,36.151981353759766,36.24150085449219,36.56449890136719,36.175498962402344,36.33100128173828,25244000
2016-05-16,36.4248046875,36.51499938964844,36.63399887084961,36.0,36.215999603271484,22538000
2016-05-17,35.920555114746094,36.009498596191406,36.79249954223633,35.900001525878906,36.553001403808594,33404000
2016-05-18,35.99985885620117,36.0890007019043,36.278499603271484,35.750999450683594,35.92499923706055,32536000
2016-05-19,35.677154541015625,35.765499114990234,36.025001525878906,35.515499114990234,35.915000915527344,30598000
2016-05-20,35.99636459350586,36.08549880981445,36.3849983215332,35.7504997253418,35.823001861572266,34798000
2016-05-23,35.77391815185547,35.86249923706055,36.17499923706055,35.84700012207031,35.999000549316406,24816000
2016-05-24,36.560970306396484,36.6515007019043,36.709999084472656,35.98249816894531,35.99250030517578,37884000
2016-05-25,36.8138427734375,36.904998779296875,36.99449920654297,36.630001068115234,36.75,32216000
2016-05-26,36.755489349365234,36.846500396728516,37.05500030517578,36.650001525878906,36.79999923706055,27202000
2016-05-27,37.28767395019531,37.380001068115234,37.39550018310547,36.85049819946289,36.8754997253418,34802000
2016-05-31,37.35001754760742,37.442501068115234,37.67399978637695,37.278499603271484,37.4379997253418,42484000
2016-06-01,37.33056640625,37.42300033569336,37.56850051879883,37.21699905395508,37.423500061035156,20788000
2016-06-02,37.12158203125,37.2135009765625,37.3650016784668,36.849998474121094,37.30500030517578,33916000
2016-06-03,36.702117919921875,36.792999267578125,37.074501037597656,36.695499420166016,37.074501037597656,24608000
2016-06-06,36.41283416748047,36.50299835205078,36.92499923706055,36.41450119018555,36.92499923706055,29992000
2016-06-07,36.46420669555664,36.554500579833984,36.83549880981445,36.540000915527344,36.66350173950195,24314000
2016-06-08,37.05474853515625,37.14649963378906,37.19049835205078,36.78850173950195,36.974998474121094,32314000
2016-06-09,37.034297943115234,37.125999450683594,37.19649887084961,36.82500076293945,36.85350036621094,19180000
2016-06-10,36.56895065307617,36.65950012207031,36.981998443603516,36.5255012512207,36.79750061035156,29050000
2016-06-13,36.50361633300781,36.59400177001953,36.95000076293945,36.49100112915039,36.49100112915039,23354000
2016-06-14,36.57194137573242,36.662498474121094,36.79999923706055,36.32500076293945,36.46549987792969,26584000
2016-06-15,36.519073486328125,36.609500885009766,36.85749816894531,36.56549835205078,36.74599838256836,23234000
2016-06-16,36.12305450439453,36.212501525878906,36.519500732421875,35.777000427246094,36.39799880981445,45002000
2016-06-17,35.125526428222656,35.212501525878906,36.06949996948242,35.055999755859375,36.06949996948242,82262000
2016-06-20,35.21929168701172,35.30649948120117,35.79349899291992,35.27050018310547,35.515499114990234,45654000
2016-06-21,35.35645294189453,35.444000244140625,35.76900100708008,35.233001708984375,35.502498626708984,30318000
2016-06-22,35.435752868652344,35.52349853515625,35.71049880981445,35.29399871826172,35.70249938964844,29058000
2016-06-23,35.65521240234375,35.743499755859375,35.74399948120117,35.01250076293945,35.52750015258789,42500000
2016-06-24,34.17537307739258,34.2599983215332,35.25,34.24549865722656,34.50849914550781,95436000
2016-06-27,33.972877502441406,34.05699920654297,34.166500091552734,33.632999420166016,34.1245002746582,58146000
2016-06-28,34.47762680053711,34.5629997253418,34.637001037597656,34.24250030517578,34.56850051879883,38246000
2016-06-29,34.673641204833984,34.759498596191406,34.974998474121094,34.63399887084961,34.7130012512207,43124000
2016-06-30,35.0896110534668,35.17649841308594,35.188499450683594,34.744998931884766,34.88249969482422,42250000
2016-07-01,35.424781799316406,35.51250076293945,35.62649917602539,35.186500549316406,35.255001068115234,30984000
2016-07-05,35.15744400024414,35.24449920654297,35.40599822998047,34.95650100708008,35.2504997253418,28440000
2016-07-06,35.36094284057617,35.44850158691406,35.650001525878906,34.95000076293945,34.992000579833984,28902000
2016-07-07,35.27565002441406,35.362998962402344,35.50849914550781,35.03350067138672,35.50550079345703,21174000
2016-07-08,35.800350189208984,35.888999938964844,35.89500045776367,35.40549850463867,35.52799987792969,29946000
2016-07-11,36.27019119262695,36.36000061035156,36.44649887084961,35.94350051879883,35.97100067138672,28822000
2016-07-12,36.5350341796875,36.6254997253418,36.779998779296875,36.375,36.59600067138672,26468000
2016-07-13,36.383907318115234,36.4739990234375,36.7760009765625,36.45100021362305,36.7760009765625,20436000
2016-07-14,36.699127197265625,36.790000915527344,36.80699920654297,36.52949905395508,36.696998596191406,21408000
2016-07-15,36.69064712524414,36.78150177001953,37.04999923706055,36.731998443603516,37.04999923706055,32342000
2016-07-18,37.566978454589844,37.65999984741211,37.75699996948242,36.82550048828125,36.89550018310547,38698000
2016-07-19,37.57745361328125,37.670501708984375,37.829498291015625,37.42449951171875,37.493499755859375,30436000
2016-07-20,37.760498046875,37.854000091552734,38.03200149536133,37.70249938964844,37.70249938964844,22502000
2016-07-21,37.62732696533203,37.72050094604492,37.907501220703125,37.57600021362305,37.849998474121094,19062000
2016-07-22,37.8702278137207,37.9640007019043,37.97249984741211,37.632999420166016,37.86600112915039,20920000
2016-07-25,37.78244400024414,37.875999450683594,37.99100112915039,37.70349884033203,37.88399887084961,21466000
2016-07-26,37.7889289855957,37.88249969482422,37.9630012512207,37.63750076293945,37.875999450683594,23792000
2016-07-27,38.00439453125,38.0984992980957,38.22249984741211,37.79650115966797,37.94850158691406,32172000
2016-07-28,38.197418212890625,38.29199981689453,38.44850158691406,37.954498291015625,38.44200134277344,73464000
2016-07-29,39.469268798828125,39.56700134277344,40.196998596191406,39.5,39.885501861572266,101810000
2016-08-01,39.948081970214844,40.047000885009766,40.3745002746582,39.25199890136719,39.333499908447266,60594000
2016-08-02,39.90718460083008,40.00600051879883,40.11600112915039,39.72650146484375,39.86650085449219,39928000
2016-08-03,39.84733200073242,39.94599914550781,39.97700119018555,39.6510009765625,39.82350158691406,29206000
2016-08-04,39.7640380859375,39.86249923706055,40.0099983215332,39.69599914550781,39.9119987487793,21520000
2016-08-05,40.24684143066406,40.346500396728516,40.361000061035156,39.890499114990234,40.00550079345703,36146000
2016-08-08,40.16205596923828,40.26150131225586,40.380001068115234,40.08449935913086,40.29999923706055,24426000
2016-08-09,40.27427291870117,40.374000549316406,40.666500091552734,40.202999114990234,40.2244987487793,32154000
2016-08-10,40.324649810791016,40.42449951171875,40.54399871826172,40.324501037597656,40.352500915527344,18370000
2016-08-11,40.310184478759766,40.40999984741211,40.694000244140625,40.29999923706055,40.52349853515625,25646000
2016-08-12,40.252830505371094,40.352500915527344,40.359500885009766,40.18199920654297,40.25450134277344,17946000
2016-08-15,40.198463439941406,40.29800033569336,40.56800079345703,40.201499938964844,40.36050033569336,18596000
2016-08-16,39.96055221557617,40.05950164794922,40.2130012512207,39.849998474121094,40.17499923706055,21158000
2016-08-17,40.17152786254883,40.270999908447266,40.28150177001953,39.814998626708984,40.0,21322000
2016-08-18,40.038360595703125,40.13750076293945,40.400001525878906,40.08150100708008,40.268001556396484,17292000
2016-08-19,39.88373947143555,39.98249816894531,40.061500549316406,39.84400177001953,39.989498138427734,22416000
2016-08-22,39.74907302856445,39.84749984741211,39.96500015258789,39.71649932861328,39.925498962402344,17056000
2016-08-23,39.731117248535156,39.829498291015625,40.04999923706055,39.79949951171875,40.02399826049805,18350000
2016-08-24,39.58198928833008,39.68000030517578,39.92300033569336,39.53799819946289,39.84299850463867,25672000
2016-08-25,39.46726989746094,39.564998626708984,39.736000061035156,39.36149978637695,39.599998474121094,24054000
2016-08-26,39.56303405761719,39.6609992980957,39.970001220703125,39.47050094604492,39.6245002746582,24978000
2016-08-29,39.69271469116211,39.79100036621094,39.92599868774414,39.51599884033203,39.65250015258789,15474000
2016-08-30,39.498199462890625,39.59600067138672,39.900001525878906,39.4734992980957,39.64400100708008,23348000
2016-08-31,39.394954681396484,39.49250030517578,39.57849884033203,39.36000061035156,39.47999954223633,21428000
2016-09-01,39.472259521484375,39.56999969482422,39.644500732421875,39.31650161743164,39.5989990234375,26070000
2016-09-02,39.74508285522461,39.84349822998047,39.85499954223633,39.66299819946289,39.76350021362305,26998000
2016-09-06,40.30120849609375,40.4010009765625,40.544498443603516,39.77149963378906,39.919498443603516,39790000
2016-09-07,40.299713134765625,40.39950180053711,40.529998779296875,40.18600082397461,40.39649963378906,22906000
2016-09-08,40.0428466796875,40.141998291015625,40.42100143432617,40.050498962402344,40.26100158691406,23554000
2016-09-09,39.32661819458008,39.42399978637695,40.087501525878906,39.40250015258789,39.938499450683594,37752000
2016-09-12,39.84234619140625,39.941001892089844,40.00849914550781,39.17499923706055,39.22600173950195,37274000
2016-09-13,39.338592529296875,39.43600082397461,39.78950119018555,39.21649932861328,39.70050048828125,36180000
2016-09-14,39.42537307739258,39.52299880981445,39.81650161743164,39.37649917602539,39.37649917602539,25842000
2016-09-15,39.962547302246094,40.061500549316406,40.182498931884766,39.43299865722656,39.5004997253418,31144000
2016-09-16,39.799949645996094,39.89849853515625,39.95100021362305,39.680999755859375,39.95100021362305,42612000
2016-09-19,39.6712646484375,39.769500732421875,40.199501037597656,39.678001403808594,40.05550003051758,22990000
2016-09-20,39.89022445678711,39.98899841308594,40.13750076293945,39.91299819946289,40.0,20984000
2016-09-21,40.152076721191406,40.25149917602539,40.295501708984375,39.80149841308594,40.0629997253418,26970000
2016-09-22,40.69672775268555,40.79750061035156,40.952999114990234,40.385501861572266,40.5,35186000
2016-09-23,40.64735412597656,40.74800109863281,40.849998474121094,40.63650131225586,40.75699996948242,28234000
2016-09-26,40.03337097167969,40.13249969482422,40.50400161743164,40.022499084472656,40.49100112915039,29454000
2016-09-27,40.436370849609375,40.5364990234375,40.67449951171875,40.09149932861328,40.09149932861328,27346000
2016-09-28,40.4029541015625,40.50299835205078,40.51250076293945,40.138999938964844,40.20399856567383,29406000
2016-09-29,40.032875061035156,40.13199996948242,40.695499420166016,40.042999267578125,40.36149978637695,27000000
2016-09-30,40.103694915771484,40.202999114990234,40.40449905395508,40.07500076293945,40.18000030517578,33204000
2016-10-03,39.9201545715332,40.01900100708008,40.176998138427734,39.811500549316406,40.127498626708984,29784000
2016-10-04,40.04035186767578,40.13949966430664,40.32500076293945,39.98350143432617,40.25,25174000
2016-10-05,39.962547302246094,40.061500549316406,40.42499923706055,40.035499572753906,40.29999923706055,24276000
2016-10-06,40.05481719970703,40.15399932861328,40.34749984741211,40.0255012512207,40.20399856567383,21998000
2016-10-07,39.93661117553711,40.035499572753906,40.297000885009766,39.840999603271484,40.29650115966797,23262000
2016-10-10,40.607948303222656,40.708499908447266,40.86899948120117,40.11199951171875,40.19649887084961,29922000
2016-10-11,40.378517150878906,40.47850036621094,40.99300003051758,40.368499755859375,40.708499908447266,34432000
2016-10-12,40.48824691772461,40.5885009765625,40.724998474121094,40.4275016784668,40.597999572753906,18158000
2016-10-13,40.10469436645508,40.20399856567383,40.327999114990234,39.930999755859375,40.30350112915039,27380000
2016-10-14,40.1306266784668,40.22999954223633,40.50450134277344,40.11600112915039,40.372501373291016,22238000
2016-10-17,40.24235534667969,40.34199905395508,40.67449951171875,40.19150161743164,40.29949951171875,21128000
2016-10-18,40.973045349121094,41.074501037597656,41.44049835205078,40.666500091552734,40.71049880981445,45786000
2016-10-19,41.23988342285156,41.34199905395508,41.4900016784668,41.14400100708008,41.14400100708008,30002000
2016-10-20,40.98003005981445,41.08150100708008,41.423500061035156,41.02750015258789,41.37799835205078,27878000
2016-10-21,41.10122299194336,41.202999114990234,41.214500427246094,40.91550064086914,41.0,32316000
2016-10-24,41.68378448486328,41.7869987487793,41.89699935913086,41.45199966430664,41.50450134277344,28952000
2016-10-25,41.325172424316406,41.4275016784668,41.92499923706055,41.26499938964844,41.92499923706055,37814000
2016-10-26,41.00347137451172,41.10499954223633,41.385501861572266,40.817501068115234,41.35599899291992,35898000
2016-10-27,40.76655578613281,40.86750030517578,41.32899856567383,40.730499267578125,41.1505012512207,59470000
2016-10-28,40.87678527832031,40.97800064086914,41.95000076293945,40.849998474121094,41.49700164794922,87098000
2016-10-31,40.39497375488281,40.494998931884766,41.131500244140625,40.400001525878906,41.121498107910156,44854000
2016-11-01,40.17451858520508,40.27399826049805,40.698001861572266,39.91299819946289,40.54349899291992,47118000
2016-11-02,39.323631286621094,39.42100143432617,40.3380012512207,39.25,40.3380012512207,47014000
2016-11-03,39.012901306152344,39.109500885009766,39.5,38.93149948120117,39.224998474121094,43504000
2016-11-04,38.958534240722656,39.05500030517578,39.42399978637695,38.54999923706055,38.564998626708984,39412000
2016-11-07,40.00244903564453,40.10150146484375,40.25,39.64500045776367,39.747501373291016,39852000
2016-11-08,40.49871826171875,40.5989990234375,40.801998138427734,39.98099899291992,40.10150146484375,35382000
2016-11-09,40.18000411987305,40.27949905395508,40.58549880981445,39.60200119018555,40.09149932861328,61970000
2016-11-10,38.91813278198242,39.01449966430664,40.50299835205078,38.4114990234375,40.5,118192000
2016-11-11,38.4921875,38.587501525878906,38.864498138427734,38.277000427246094,38.84049987792969,71852000
2016-11-14,37.56797409057617,37.6609992980957,38.5890007019043,37.179500579833984,38.5880012512207,73766000
2016-11-15,38.66226577758789,38.757999420166016,39.012001037597656,38.26100158691406,38.27349853515625,58878000
2016-11-16,38.902671813964844,38.999000549316406,39.17499923706055,38.31650161743164,38.520999908447266,35968000
2016-11-17,39.210906982421875,39.30799865722656,39.44499969482422,38.99250030517578,39.125,30674000
2016-11-18,38.702667236328125,38.798500061035156,39.56449890136719,38.76750183105469,39.35850143432617,36126000
2016-11-21,39.14307403564453,39.2400016784668,39.32749938964844,38.814998626708984,38.904998779296875,32616000
2016-11-22,39.15304946899414,39.25,39.688499450683594,39.1870002746582,39.449501037597656,27884000
2016-11-23,38.853790283203125,38.95000076293945,39.47600173950195,38.63249969482422,39.47600173950195,26260000
2016-11-25,38.91514205932617,39.01150131225586,39.14500045776367,38.90950012207031,39.13050079345703,12270000
2016-11-28,39.19245529174805,39.28950119018555,39.98699951171875,38.904998779296875,38.91749954223633,51508000
2016-11-29,39.37450408935547,39.47200012207031,39.821998596191406,39.266998291015625,39.41899871826172,31240000
