Date,adj close_ibm,close_ibm,high_ibm,low_ibm,open_ibm,volume_ibm,log_close_ibm
2014-08-01,115.99974060058594,,183.07839965820312,180.5544891357422,182.12237548828125,5419431,
2014-08-04,116.30023956298828,0.46844482421875,181.5965576171875,180.3059234619141,181.02294921875,2223691,0.0025871515320634586
2014-08-05,114.74253845214844,-2.4282989501953125,180.87954711914065,178.2409210205078,180.44932556152344,3460063,-0.013484308883310092
2014-08-06,114.72400665283205,-1.0803070068359375,178.6615753173828,176.32887268066406,177.2084197998047,4023962,-0.006057869164039609
2014-08-07,113.69379425048828,-1.5965576171875,178.47036743164062,175.50669860839844,178.43212890625,2833196,-0.009020502078546322
2014-08-08,115.13117980957033,2.2275390625,178.46080017089844,175.50669860839844,176.29063415527344,2909449,0.01256321434699803
2014-08-11,115.64935302734376,0.8030548095703125,180.07647705078125,178.08795166015625,179.55067443847656,2643451,0.004490760520188708
2014-08-12,115.56919860839844,-0.1242828369140625,180.3919677734375,178.5946502685547,179.2064971923828,1944096,-0.000693684032821551
2014-08-13,115.94542694091795,0.5831756591796875,180.1912078857422,179.13002014160156,179.73231506347656,1877570,0.003250831571568469
2014-08-14,115.90226745605467,-0.066925048828125,179.89483642578125,178.70936584472656,179.32122802734375,2018257,-0.0003725280248110252
2014-08-15,115.59386444091795,-0.4780120849609375,180.5736083984375,178.57553100585938,179.5889129638672,2944281,-0.002664824153864487
2014-08-18,116.81526947021484,1.8929290771484375,181.46270751953125,179.50286865234375,179.82791137695312,2531634,0.01051134524852948
2014-08-19,117.25328826904295,0.6787872314453125,181.88336181640625,181.03250122070312,181.6826019287109,2133945,0.0037425204403422896
2014-08-20,117.27175903320312,0.0286712646484375,182.0172119140625,180.9273376464844,181.5105133056641,2277770,0.0001577722726349151
2014-08-21,117.96894073486328,1.0803070068359375,183.62332153320312,182.12237548828125,182.50477600097656,2611339,0.005926648551574765
2014-08-22,117.46307373046876,-0.783935546875,183.44168090820312,181.92160034179688,182.3804931640625,2029554,-0.004297232160499931
2014-08-25,117.9256820678711,0.717010498046875,183.374755859375,182.32313537597656,182.9732360839844,1802886,0.003931094955634151
2014-08-26,119.0546417236328,1.7495269775390057,185.0191192626953,182.6195068359375,182.6195068359375,3321468,0.009527627649937642
2014-08-27,118.59812927246094,-0.7074584960936932,185.5927276611328,183.13575744628903,184.5411071777344,2290949,-0.0038417739475216095
2014-08-28,118.4438934326172,-0.23899841308590908,183.8432159423828,182.2753295898437,183.0497131347656,1572766,-0.0013011964692104527
2014-08-29,118.62899780273438,0.2868041992187216,184.2734222412109,182.7342224121093,183.8240966796875,3043232,0.0015612659124544237
2014-09-02,118.17250061035156,-0.7074584960937784,184.48374938964844,182.5334625244141,184.2064971923828,2802966,-0.0038555853266286633
2014-09-03,118.41309356689452,0.3728485107422159,184.46463012695312,183.4225616455078,183.92926025390625,1906649,0.0020338435633142637
2014-09-04,117.62960815429688,-1.214157104492216,184.216064453125,181.70172119140625,183.26004028320312,2996790,-0.006638334739215601
2014-09-05,117.95040130615234,0.4971313476562784,183.31739807128903,181.7304077148437,182.1510467529297,2364169,0.0027233671811739413
2014-09-08,117.29644775390624,-1.0133819580078125,182.7915802001953,181.1759033203125,182.3613739013672,2640313,-0.005559344893194762
2014-09-09,117.20393371582033,-0.14340209960943184,182.3518218994141,181.4340362548828,181.9694061279297,2514166,-0.0007891963648418709
2014-09-10,118.16014099121094,1.481842041015625,183.69981384277344,181.73995971679688,181.7590789794922,2891144,0.008125260405500434
2014-09-11,118.27114868164062,0.17207336425789777,184.30210876464844,181.7590789794922,182.67686462402344,2404231,0.000939251443976552
2014-09-12,117.9997329711914,-0.42063903808599434,183.1739959716797,182.1893005371093,183.0497131347656,3034446,-0.002297590766818125
2014-09-15,118.3267059326172,0.5066833496094034,184.0248565673828,182.1988525390625,183.0019073486328,2569394,0.0027669274788246767
2014-09-16,119.0361557006836,1.09942626953125,185.057357788086,182.4282989501953,182.83938598632807,2679329,0.005977614339490955
2014-09-17,118.9374542236328,-0.15295410156255684,185.1242828369141,183.8432159423828,184.7227478027344,3358497,-0.0008294794681287243
2014-09-18,119.5235366821289,0.9082183837891193,185.5927276611328,184.2351837158203,184.3116607666016,3099612,0.004915267513467825
2014-09-19,119.6776885986328,0.2389984130859375,186.42446899414065,184.694076538086,185.9847106933593,9259192,0.0012894513394954288
2014-09-22,119.1286392211914,-0.8508605957031534,185.602294921875,184.15870666503903,185.2007598876953,3470628,-0.004598185438385194
2014-09-23,118.2094955444336,-1.4244689941405966,184.579345703125,183.09751892089844,184.2734222412109,3453683,-0.00774570243917605
2014-09-24,118.63512420654295,0.6596527099609943,183.9866180419922,181.5296325683593,182.6003875732422,3224400,0.003594392147680203
2014-09-25,116.5993881225586,-3.1548767089844034,184.034423828125,180.6596527099609,183.6042022705078,4342364,-0.01730873552898249
2014-09-26,117.24714660644533,1.003829956054659,181.95985412597656,180.31549072265625,180.6214141845703,2608619,0.005539920513085939
2014-09-29,116.988037109375,-0.4015350341796875,181.6061248779297,179.84703063964844,180.21987915039065,2443770,-0.0022123035158765347
2014-09-30,117.1052474975586,0.18165588378903408,182.4569854736328,180.8317413330078,181.30018615722656,3067500,0.0010014602976529119
2014-10-01,115.46429443359376,-2.5430297851562216,182.0267639160156,178.57553100585938,181.55831909179688,3894467,-0.014111688418654289
2014-10-02,115.30390167236328,-0.248565673828125,179.52198791503906,178.04971313476562,179.4072723388672,2388123,-0.0013900755976674617
2014-10-03,116.38967895507812,1.6826019287109375,181.0420684814453,179.31166076660156,179.8374786376953,3212789,0.009372248321813714
2014-10-06,116.61790466308594,0.3537292480468466,182.49522399902344,180.4110870361328,181.3479919433593,2196077,0.0019591798571765295
2014-10-07,114.56362915039062,-3.1835632324218466,179.84703063964844,177.3804931640625,179.51242065429688,3128900,-0.017772354094885756
2014-10-08,116.81526947021484,3.4894866943359375,181.261947631836,177.44741821289062,177.7915802001953,3122101,0.019463664984455953
2014-10-09,115.00163269042967,-2.810699462890625,181.1663513183593,177.90631103515625,180.8030548095703,2746168,-0.015647728028082675
2014-10-10,114.6993637084961,-0.4684600830078125,179.48374938964844,176.95985412597656,177.68641662597656,5324349,-0.002631983508298852
2014-10-13,113.21265411376952,-2.30401611328125,178.44168090820312,175.35372924804688,177.33270263671875,3762148,-0.01304661039250643
2014-10-14,113.38534545898438,0.2676849365234375,177.55258178710938,175.51625061035156,176.7590789794922,4105236,0.0015245481179899656
2014-10-15,112.12074279785156,-1.9598388671875,175.70745849609375,170.88909912109375,174.43594360351562,7213007,-0.011216046923992806
2014-10-16,110.9424819946289,-1.8260040283203125,173.49903869628906,170.8317413330078,171.89292907714844,5835216,-0.010564550806988926
2014-10-17,112.30577087402344,2.1128082275390625,174.7992401123047,172.29444885253906,173.26959228515625,4550309,0.012213793578736087
2014-10-20,104.3170394897461,-12.3804931640625,162.83938598632812,159.35946655273438,159.51242065429688,24493659,-0.07379109471208789
2014-10-21,100.69583129882812,-5.6118621826171875,159.3498992919922,154.56979370117188,159.08221435546875,21913491,-0.03533005417740487
2014-10-22,99.80750274658205,-1.3766632080078125,158.13575744628906,154.01528930664062,155.26768493652344,11594701,-0.008860987853435809
2014-10-23,100.0481185913086,0.3728485107421875,155.66921997070312,154.43594360351562,154.9904327392578,7948972,0.002407628597675071
2014-10-24,99.98639678955078,-0.095611572265625,155.29637145996094,154.3498992919922,154.9521942138672,6958097,-0.0006168488728857113
2014-10-27,99.8568344116211,-0.2007598876953125,155.74569702148438,154.69407653808594,154.87571716308594,5218599,-0.0012964647315358846
2014-10-28,100.92407989501952,1.6539154052734375,156.4053497314453,154.68450927734375,154.87571716308594,8258484,0.010630852781789102
2014-10-29,100.83773040771484,-0.1338348388671875,157.3804931640625,155.602294921875,157.10325622558594,4957308,-0.0008560585203598592
2014-10-30,101.38674926757812,0.850860595703125,157.3804931640625,155.85086059570312,156.30975341796875,4075216,0.005429988984711365
2014-10-31,101.41759490966795,0.04779052734375,158.30784606933594,156.42446899414062,158.2026824951172,6085628,0.00030411493370685605
2014-11-03,101.39290618896484,-0.038238525390625,157.30401611328125,156.1950225830078,157.02676391601562,4903857,-0.00024332339089916388
2014-11-04,100.33802032470705,-1.634796142578125,157.13192749023438,155.10516357421875,157.11280822753906,4442257,-0.01045847145331713
2014-11-05,99.82600402832033,-0.7935028076171875,156.34799194335938,154.45506286621094,155.95602416992188,4293516,-0.005116070886979962
2014-11-06,100.2856216430664,-0.3441619873046875,154.4263916015625,153.011474609375,154.1873779296875,4254710,-0.002227131838295371
2014-11-07,100.6645050048828,0.5831756591796875,155.07647705078125,153.7762908935547,154.32122802734375,3655561,0.0037709173892350734
2014-11-10,101.5465087890625,1.3575439453125,157.23709106445312,154.50286865234375,154.78012084960938,5186277,0.008723430263800402
2014-11-11,101.4285125732422,-0.181640625,156.69215393066406,155.44932556152344,156.50096130371094,3696982,-0.0011628025277756748
2014-11-12,100.57136535644533,-1.319305419921875,155.8317413330078,154.64627075195312,155.14340209960938,3533597,-0.008486573615730464
2014-11-13,101.11174011230467,0.8317413330078125,155.64053344726562,154.68450927734375,154.87571716308594,3388726,0.005358649161990137
2014-11-14,101.96265411376952,1.3097381591796875,157.25621032714844,154.579345703125,154.9713134765625,5207406,0.008380450438904674
2014-11-17,101.96265411376952,0.0,157.71510314941406,156.52008056640625,156.9407196044922,5019649,0.0
2014-11-18,100.5526885986328,-2.170166015625,157.50477600097656,154.7705535888672,157.48565673828125,5658965,-0.013924431142299909
2014-11-19,100.2669906616211,-0.4397735595703125,154.9713134765625,153.88145446777344,154.92352294921875,3977520,-0.002845499572291743
2014-11-20,99.77630615234376,-0.7552490234375,154.397705078125,152.7724609375,153.87188720703125,4375523,-0.004905716518464054
2014-11-21,99.95025634765624,0.2676849365234375,154.82791137695312,153.68069458007812,154.71319580078125,4264437,0.0017415008475190064
2014-11-24,100.71419525146484,1.1759033203125,156.65391540527344,153.97705078125,154.43594360351562,6923474,0.007614453870460558
2014-11-25,100.47195434570312,-0.3728485107421875,156.30975341796875,154.45506286621094,155.49713134765625,4249270,-0.0024080746698755817
2014-11-26,100.5899658203125,0.181640625,154.9713134765625,153.92926025390625,154.8087921142578,4148436,0.0011738662308324876
2014-11-28,100.72659301757812,0.2103271484375,156.1854705810547,154.34034729003906,155.5927276611328,2516153,0.0013575357024624424
2014-12-01,100.3353271484375,-0.602294921875,156.13766479492188,154.25430297851562,154.53155517578125,4360146,-0.0038923807999777793
2014-12-02,101.03721618652344,1.0803070068359375,155.5736083984375,154.53155517578125,155.32504272460938,3625122,0.006970825834176075
2014-12-03,102.1862564086914,1.768646240234375,157.28489685058594,154.87571716308594,155.32504272460938,6724839,0.011308558826848447
2014-12-04,101.89435577392578,-0.4493255615234375,157.26577758789062,155.84129333496094,156.7973175048828,4036932,-0.0028608506197764783
2014-12-05,101.40984344482422,-0.7457122802734375,157.26577758789062,155.74569702148438,156.4149169921875,3152121,-0.004766079197628947
2014-12-08,100.53408813476562,-1.347991943359375,156.10899353027344,154.43594360351562,156.10899353027344,2982146,-0.008673505829837502
2014-12-09,101.23592376708984,1.0803070068359375,155.85086059570312,153.72848510742188,153.7667236328125,4038815,0.006957092393667708
2014-12-10,99.69559478759766,-2.3709259033203125,156.14723205566406,152.9923553466797,155.84129333496094,4260149,-0.015332532189076709
2014-12-11,100.0434112548828,0.535369873046875,155.7648162841797,153.46080017089844,153.7476043701172,4173122,0.0034827877307783695
2014-12-12,96.5092315673828,-5.4397735595703125,153.44168090820312,148.49903869628906,153.2026824951172,9007838,-0.03596534324813927
2014-12-15,95.0682373046875,-2.2179718017578125,149.84703063964844,146.11854553222656,149.07266235351562,6799314,-0.015043718436221099
2014-12-16,94.04342651367188,-1.5774383544921875,148.07839965820312,143.88145446777344,145.3441619873047,7094600,-0.010838615729279688
2014-12-17,94.36637878417967,0.49713134765625,146.56787109375,144.46463012695312,144.85659790039062,5367026,0.0034284954111747368
2014-12-18,97.93779754638672,5.49713134765625,150.74569702148438,146.55831909179688,146.8260040283203,7638310,0.03714777059121399
2014-12-19,98.45333862304688,0.7935028076171875,153.3556365966797,150.56405639648438,150.56405639648438,9272685,0.005250044831822898
2014-12-22,100.2732162475586,2.8011474609375,154.7896728515625,151.3671112060547,151.3671112060547,4897895,0.018315874961839285
2014-12-23,100.77013397216795,0.7648162841796875,155.73614501953125,154.50286865234375,155.09559631347656,4229292,0.004943150342580083
2014-12-24,100.5092315673828,-0.4015350341796875,155.82217407226562,154.50286865234375,155.71701049804688,1954033,-0.0025921488946361038
2014-12-26,100.83218383789062,0.49713134765625,155.91778564453125,154.88528442382812,155.13385009765625,2000161,0.003208291283632647
2014-12-29,99.69559478759766,-1.74951171875,155.2007598876953,152.4378662109375,154.87571716308594,3485063,-0.01133658884476585
2014-12-30,99.40985870361328,-0.4397735595703125,153.7476043701172,152.76290893554688,152.9827880859375,2960075,-0.002869999048806804
2014-12-31,99.65209197998048,0.3728485107421875,154.397705078125,153.32696533203125,153.3556365966797,4196447,0.00243377159572411
2015-01-02,100.65828704833984,1.5487518310546875,156.12811279296875,153.91969299316406,154.216064453125,5779673,0.01004656154633743
2015-01-05,99.07444763183594,-2.4378509521484375,154.17782592773438,152.18930053710938,154.17782592773438,5104898,-0.015859971651368987
2015-01-06,96.93781280517578,-3.288726806640625,152.92543029785156,148.34608459472656,152.64817810058594,6429448,-0.021802043830495776
2015-01-07,96.30429077148438,-0.9751434326171875,150.28680419921875,147.25621032714844,150.28680419921875,4918083,-0.006556979370768268
2015-01-08,98.39743041992188,3.2218017578125,152.04588317871094,148.70936584472656,149.3690185546875,4431693,0.021502118314828067
2015-01-09,98.82601928710938,0.6596527099609375,153.28871154785156,150.33460998535156,151.45315551757812,4694762,0.004346032342464667
2015-01-12,97.16764831542967,-2.552581787109375,152.2466583251953,148.91014099121094,152.0076446533203,4380230,-0.01692324082205765
2015-01-13,97.39744567871094,0.353729248046875,152.93499755859375,148.83364868164062,150.3441619873047,4578865,0.002362336613026983
2015-01-14,96.77011108398438,-0.965576171875,149.6080322265625,146.97897338867188,148.04971313476562,4906054,-0.006461701043046553
2015-01-15,96.00613403320312,-1.1759185791015625,150.06692504882812,147.3804931640625,149.7992401123047,4443826,-0.007926135107894083
2015-01-16,97.60240936279295,2.4569854736328125,150.69789123535156,147.05545043945312,147.05545043945312,6020776,0.0164901035114271
2015-01-20,97.48438262939452,-0.181640625,150.4110870361328,147.25621032714844,149.8087921142578,8778869,-0.0012098195639262954
2015-01-21,94.46575164794922,-4.646270751953125,147.70555114746094,144.4263916015625,146.30018615722656,12444367,-0.03145482619874329
2015-01-22,96.51544952392578,3.154876708984375,148.87188720703125,145.08604431152344,145.2581329345703,6401625,0.021465640803405073
2015-01-23,96.81359100341795,0.4588775634765625,150.66921997070312,148.07839965820312,148.2122344970703,5057201,0.0030841503112961632
2015-01-26,97.11792755126952,0.4684600830078125,152.44741821289062,148.91969299316406,151.30018615722656,8250953,0.00313877371033211
2015-01-27,95.44711303710938,-2.5717010498046875,148.26959228515625,145.87954711914062,148.12619018554688,5919942,-0.017353590081496506
2015-01-28,94.13036346435548,-2.026763916015625,147.73422241210938,144.88528442382812,147.2275390625,4702711,-0.01389180970818149
2015-01-29,96.57135009765624,3.7571563720703125,148.73805236816406,142.94454956054688,144.72274780273438,8703557,0.025601408387758262
2015-01-30,95.22354888916016,-2.0745697021484375,148.41299438476562,146.30975341796875,147.14149475097656,6865526,-0.014055090695140215
2015-02-02,96.0620346069336,1.2906341552734375,147.85850524902344,144.84703063964844,147.2275390625,4928961,0.008767165755664053
2015-02-03,98.4284896850586,3.6424560546875,151.625244140625,147.94454956054688,147.94454956054688,5794212,0.024336199322000596
2015-02-04,97.4906005859375,-1.443603515625,151.73040771484375,149.8087921142578,150.29637145996094,3847711,-0.009574363908756212
2015-02-05,98.0806884765625,0.9082183837890625,151.6156768798828,150.23899841308594,150.3728485107422,5495266,0.006034232194031652
2015-02-06,98.0243911743164,-1.137664794921875,151.12811279296875,149.35946655273438,150.420654296875,3406299,-0.007564460447952115
2015-02-09,97.41767120361328,-0.927337646484375,150.5736083984375,148.5659637451172,149.1395721435547,3198354,-0.006208585197042815
2015-02-10,99.1752471923828,2.686431884765625,151.58700561523438,148.26004028320312,149.84703063964844,4644868,0.017880961786859828
2015-02-11,98.95006561279295,-0.34417724609375,152.09368896484375,150.2581329345703,150.82217407226562,3793528,-0.0022730745498789062
2015-02-12,99.15022277832033,0.3059234619140625,152.48565673828125,151.13766479492188,151.73995971679688,3486423,0.0020206874035713085
2015-02-13,100.3261260986328,1.797332763671875,153.72848510742188,151.66348266601562,151.7973175048828,3877417,0.011789990308646026
2015-02-17,100.67638397216795,0.535369873046875,154.31166076660156,152.70555114746094,152.72467041015625,3027647,0.0034851720427333532
2015-02-18,101.44571685791016,1.1759033203125,155.32504272460938,153.57553100585938,154.7418670654297,4558886,0.00761256891273554
2015-02-19,102.50901794433594,1.625244140625,157.25621032714844,154.34034729003906,154.92352294921875,3665602,0.01042701658875611
2015-02-20,102.3589096069336,-0.2294464111328125,157.11280822753906,154.96176147460938,156.44358825683594,3507238,-0.0014654758949772528
2015-02-23,101.89607238769533,-0.70745849609375,157.170166015625,155.35372924804688,157.0076446533203,2839262,-0.004532109591523614
2015-02-24,103.0969696044922,1.8355712890625,157.73422241210938,154.4072723388672,155.3441619873047,4917874,0.011716784646800704
2015-02-25,101.83350372314452,-1.9311676025390625,157.70555114746094,155.43020629882812,157.68641662597656,4188812,-0.012330770559113802
2015-02-26,100.62008666992188,-1.8546905517578125,156.92160034179688,152.74378967285156,156.53919982910156,7437897,-0.011987330214220826
2015-02-27,101.28937530517578,1.02294921875,155.15296936035156,153.11663818359375,153.79541015625,4612860,0.0066293410478470705
2015-03-02,100.37619018554688,-1.3957977294921875,154.818359375,152.7820281982422,154.818359375,6190123,-0.009056599398724607
2015-03-03,100.7201919555664,0.52581787109375,154.63670349121094,152.9636688232422,153.2218017578125,3383182,0.003421392939995549
2015-03-04,99.71316528320312,-1.5391998291015625,153.49903869628906,151.73995971679688,153.47991943359375,3800746,-0.010048472669606845
2015-03-05,100.8140106201172,1.6826019287109375,154.397705078125,152.67686462402344,152.829833984375,3966118,0.010979533797748076
2015-03-06,99.13771057128906,-2.5621490478515625,154.34034729003906,151.10899353027344,153.1453094482422,4749049,-0.016767209072302336
2015-03-09,100.55754852294922,2.1701812744140625,154.06309509277344,151.24282836914062,151.24282836914062,5432819,0.014220239037295634
2015-03-10,98.70613861083984,-2.829833984375,153.18356323242188,150.86997985839844,152.58126831054688,4812646,-0.01858303402228234
2015-03-11,98.07440185546876,-0.965576171875,152.14149475097656,149.08221435546875,151.5965576171875,5972555,-0.006420623176753182
2015-03-12,98.81246185302734,1.1280975341796875,151.73995971679688,149.397705078125,149.397705078125,4777396,0.007497271354157675
2015-03-13,96.49821472167967,-3.5372772216796875,150.5927276611328,146.65391540527344,150.53536987304688,6343049,-0.023699257938348595
2015-03-16,98.24954223632812,2.6768646240234375,150.181640625,147.9923553466797,148.23135375976562,3922082,0.017986098398267814
2015-03-17,98.17449188232422,-0.1147308349609375,150.3728485107422,148.53729248046875,149.33078002929688,3464038,-0.0007642877267191039
2015-03-18,99.95708465576172,2.72467041015625,153.6328887939453,148.94837951660156,149.9521942138672,6002785,0.01799464705185372
2015-03-19,99.95708465576172,0.0,153.8432159423828,151.8260040283203,152.67686462402344,4057016,0.0
2015-03-20,101.87731170654295,2.9349822998046875,155.8317413330078,153.29827880859375,153.87188720703125,9420694,0.019028071314680872
2015-03-23,102.9718780517578,1.6730499267578125,158.07839965820312,155.5736083984375,155.6118621826172,6202885,0.010686860855035007
2015-03-24,101.95236206054688,-1.558319091796875,157.6386260986328,155.73614501953125,157.5430145263672,4546021,-0.009950341517543926
2015-03-25,99.5755615234375,-3.6328887939453125,155.90821838378906,152.1988525390625,155.90821838378906,5678629,-0.023588937729573267
2015-03-26,100.4449691772461,1.3288726806640625,154.15870666503906,151.92160034179688,152.26577758789062,4598216,0.008693264807311252
2015-03-27,100.3261260986328,-0.181640625,153.8240966796875,152.2275390625,153.71893310546875,3637883,-0.0011838132835286785
2015-03-30,101.74597930908205,2.170166015625,156.4053497314453,154.15870666503906,154.216064453125,4328348,0.014052873933986021
2015-03-31,100.3886489868164,-2.0745697021484375,155.1912078857422,153.34608459472656,153.9961700439453,4451148,-0.01342966579259297
2015-04-01,99.56302642822266,-1.2619476318359375,153.55641174316406,151.42446899414062,153.18356323242188,3871037,-0.008258287837533906
2015-04-02,100.35736846923828,1.214141845703125,155.3919677734375,151.90248107910156,152.50477600097656,4886494,0.007946682578102937
2015-04-06,101.35188293457033,1.52008056640625,155.64053344726562,151.72084045410156,152.66729736328125,3625122,0.009860877550321057
2015-04-07,101.37065887451172,0.0286865234375,156.63479614257812,154.51242065429688,154.5602264404297,3292808,0.0001851599979723062
2015-04-08,101.23307037353516,-0.2103271484375,156.35755920410156,153.92926025390625,154.6080322265625,2640418,-0.001358373842230698
2015-04-09,101.53949737548828,0.46844482421875,155.32504272460938,153.65200805664062,154.5889129638672,2367621,0.0030228795749236426
2015-04-10,101.86480712890624,0.49713134765625,156.14723205566406,154.15870666503906,155.2007598876953,2631422,0.0031980310596866346
2015-04-13,101.56453704833984,-0.458892822265625,156.7877655029297,155.21987915039062,155.2294464111328,4046869,-0.0029516803616100873
2015-04-14,101.51453399658205,-0.07647705078125,155.5831756591797,153.71893310546875,155.27725219726562,2844388,-0.0004927620997738913
2015-04-15,102.65914154052734,1.7495269775390625,157.70555114746094,155.35372924804688,155.47801208496094,3659745,0.011212354200649699
2015-04-16,102.03370666503906,-0.956024169921875,156.76864624023438,155.3919677734375,156.12811279296875,3281197,-0.006111375557050103
2015-04-17,100.49503326416016,-2.3518218994140625,154.7418670654297,152.9923553466797,154.63670349121094,4512862,-0.015194892291352069
2015-04-20,103.92882537841795,5.248565673828125,159.31166076660156,154.78012084960938,154.9713134765625,10051223,0.03359860658594904
2015-04-21,102.74046325683594,-1.816436767578125,160.0191192626953,156.8355712890625,158.7667236328125,10129046,-0.011500598110647964
2015-04-22,103.42848205566406,1.0516204833984375,158.69981384277344,155.72657775878906,157.16061401367188,4209941,0.006674346881796467
2015-04-23,106.48076629638672,4.6653900146484375,164.3498992919922,157.87762451171875,157.9636688232422,8614438,0.029084279213589248
2015-04-24,106.19307708740234,-0.43975830078125,163.33651733398438,161.31930541992188,162.74378967285156,4067266,-0.0027056494227304384
2015-04-27,106.78728485107422,0.9082183837890625,163.94837951660156,162.81069946289062,163.374755859375,3314356,0.005579858790803804
2015-04-28,108.78257751464844,3.049713134765625,167.0076446533203,162.5430145263672,163.31739807128906,6084268,0.01851206124047966
2015-04-29,109.08277130126952,0.458892822265625,167.4282989501953,165.2007598876953,165.77438354492188,4726246,0.0027560988786774487
2015-04-30,107.13755798339844,-2.973236083984375,166.6156768798828,162.81069946289062,166.12811279296875,5295793,-0.017993513153879093
2015-05-01,108.62618255615234,2.27532958984375,166.34799194335938,164.8374786376953,165.5831756591797,3464457,0.01379888990292688
2015-05-04,108.81382751464844,0.28680419921875,168.54684448242188,166.06118774414062,166.7973175048828,4213288,0.0017259076958904274
2015-05-05,108.25711822509766,-0.850860595703125,166.56787109375,164.397705078125,165.87954711914062,3758906,-0.005128956450732858
2015-05-06,107.1668701171875,-2.8967437744140625,166.3957977294922,161.4340362548828,165.29637145996094,3778780,-0.017661369240570046
2015-05-07,107.75928497314452,0.8986663818359375,164.4168243408203,161.6061248779297,162.170166015625,2585712,0.00551259327849607
2015-05-08,108.8243408203125,1.6156768798828125,165.70745849609375,164.66539001464844,165.33460998535156,3234860,0.009835083691350555
2015-05-11,107.8411865234375,-1.49139404296875,165.38241577148438,163.34608459472656,165.05735778808594,2783406,-0.009075095088657115
2015-05-12,107.4819793701172,-0.5449371337890625,163.94837951660156,161.4149169921875,163.04971313476562,3098670,-0.0033365806999769987
2015-05-13,108.57222747802734,1.6539154052734375,165.14340209960938,163.2409210205078,163.70936584472656,2570545,0.010092525285354093
2015-05-14,109.68770599365234,1.692169189453125,166.73040771484375,165.602294921875,165.86997985839844,2551299,0.010221605889320529
2015-05-15,109.18984985351562,-0.7552642822265625,166.73995971679688,165.0095672607422,166.26194763183594,3050764,-0.004549294844536256
2015-05-18,109.06378936767578,-0.1912078857421875,165.8604278564453,164.72274780273438,165.8126220703125,2061248,-0.001155021223372188
2015-05-19,109.32848358154295,0.4015350341796875,166.10899353027344,164.3690185546875,165.36329650878906,2639058,0.002423996409101292
2015-05-20,109.50497436523438,0.2676849365234375,166.76864624023438,164.87571716308594,165.70745849609375,2406114,0.0016127088195423411
2015-05-21,109.2402572631836,-0.4015350341796875,166.48184204101562,165.43020629882812,165.69789123535156,2401198,-0.0024200856289153805
2015-05-22,108.534423828125,-1.07073974609375,165.7648162841797,164.61758422851562,165.43020629882812,2980786,-0.006482218552487318
2015-05-26,107.2173309326172,-1.9980926513671875,164.55067443847656,161.69215393066406,164.54110717773438,4031493,-0.012209907510428941
2015-05-27,108.3957977294922,1.7877655029296875,164.89483642578125,162.9923553466797,163.6328887939453,2891562,0.010931642275170184
2015-05-28,108.21305847167967,-0.2772369384765625,164.28298950195312,163.15487670898438,163.91014099121094,1811044,-0.001687410333872208
2015-05-29,106.914794921875,-1.9694061279296875,163.8145294189453,162.18930053710938,163.8145294189453,4280232,-0.012069508572788656
2015-06-01,107.2488021850586,0.506683349609375,163.51815795898438,161.5965576171875,162.72467041015625,3122833,0.003119154881432884
2015-06-02,106.914794921875,-0.506683349609375,162.95411682128906,161.02294921875,162.1988525390625,2689684,-0.003119154881432884
2015-06-03,107.08494567871094,0.25811767578125,164.01528930664062,162.170166015625,163.0019073486328,2229026,0.0015901943019098752
2015-06-04,106.11442565917967,-1.4722747802734375,163.09751892089844,160.54493713378906,162.07456970214844,3220948,-0.009104404730019944
2015-06-05,105.49683380126952,-0.9369049072265625,161.48184204101562,159.84703063964844,160.85086059570312,3243123,-0.005837186984258835
2015-06-08,104.1985855102539,-1.9694061279296875,159.92352294921875,157.76290893554688,159.818359375,3931600,-0.012382191218683225
2015-06-09,104.41285705566406,0.325042724609375,158.71893310546875,156.1854705810547,158.06883239746094,3552111,0.002054225228998341
2015-06-10,106.45472717285156,3.0975189208984375,161.9407196044922,158.75717163085938,159.1682586669922,4895803,0.01936704210915252
2015-06-11,106.36653137207033,-0.1338348388671875,162.94454956054688,161.12811279296875,161.81643676757812,3623344,-0.0008290864516515839
2015-06-12,105.23844146728516,-1.7112884521484375,160.89866638183594,159.35946655273438,160.8317413330078,3206095,-0.010662207141500346
2015-06-15,104.77838134765624,-0.6978912353515625,159.64627075195312,157.02676391601562,159.64627075195312,4441002,-0.004381067610681022
2015-06-16,105.14389038085938,0.5544891357421875,160.03823852539062,158.61376953125,159.01528930664062,3399291,0.0034824149649148595
2015-06-17,105.35187530517578,0.31549072265625,160.46844482421875,158.79541015625,159.6558380126953,2994698,0.0019760090944203057
2015-06-18,106.0324935913086,1.032501220703125,161.30018615722656,159.70362854003906,159.70362854003906,3484121,0.006439687531660354
2015-06-19,105.23844146728516,-1.20458984375,161.0133819580078,159.43594360351562,160.24856567382812,7399404,-0.007517043980314497
2015-06-22,105.7048110961914,0.70745849609375,160.93690490722656,159.84703063964844,160.27725219726562,2443247,0.004421622804407832
2015-06-23,106.26567840576172,0.850860595703125,162.49522399902344,160.2007598876953,160.9751434326172,3871874,0.0052921198488036225
2015-06-24,105.22584533691406,-1.5774383544921875,161.4149169921875,159.49330139160156,161.29063415527344,3711313,-0.009833509983569577
2015-06-25,104.66493225097656,-0.850860595703125,160.73614501953125,158.7762908935547,160.420654296875,2519709,-0.005344556671164291
2015-06-26,104.27424621582033,-0.5927276611328125,159.47418212890625,157.9636688232422,158.91969299316406,9357516,-0.0037400847101061174
2015-06-29,102.70497131347656,-2.3805084228515625,158.07839965820312,155.72657775878906,156.71128845214844,3467176,-0.015163410783898712
2015-06-30,102.50962829589844,-0.296356201171875,156.7877655029297,154.9904327392578,156.7781982421875,3762776,-0.0019039319355798057
2015-07-01,103.66292572021484,1.74951171875,158.32696533203125,156.4053497314453,156.7590789794922,3362367,0.011187579578127327
2015-07-02,104.04106903076172,0.5736236572265625,158.04971313476562,157.18930053710938,157.7915802001953,2983924,0.0036410644096109834
2015-07-06,103.81415557861328,-0.34417724609375,157.9636688232422,156.32887268066406,156.625244140625,3221471,-0.0021830667563742523
2015-07-07,103.98433685302734,0.2581329345703125,158.07839965820312,155.09559631347656,157.68641662597656,3713195,0.0016377466966144283
2015-07-08,102.82474517822266,-1.7590789794921875,157.68641662597656,155.52581787109375,156.7877655029297,2904010,-0.01121413841645591
2015-07-09,103.25960540771484,0.6596527099609375,158.23135375976562,156.50096130371094,158.06883239746094,4392886,0.004220040575765971
2015-07-10,105.21322631835938,2.9636688232421875,160.03823852539062,158.2409210205078,158.374755859375,4747062,0.018742976337169814
2015-07-13,106.74462890625,2.3231353759765625,162.41873168945312,160.15296936035156,160.54493713378906,4423534,0.014450342614692246
2015-07-14,106.25936126708984,-0.73614501953125,162.08413696289062,160.84129333496094,161.97897338867188,3164464,-0.004556401278940747
2015-07-15,106.20896911621094,-0.07647705078125,161.8260040283203,160.6118621826172,161.07073974609375,2089908,-0.00047455062263512815
2015-07-16,107.76557159423828,2.3613739013671875,163.5659637451172,161.72084045410156,162.0172119140625,3692275,0.014549764178223512
2015-07-17,108.71715545654295,1.443603515625,164.93307495117188,162.6195068359375,162.83938598632812,4556794,0.008791703300276232
2015-07-20,109.16464233398438,0.67877197265625,166.13766479492188,164.56979370117188,165.1912078857422,7717179,0.004107230903964698
2015-07-21,102.76803588867188,-9.703628540039062,159.034423828125,154.89483642578125,157.11280822753906,14384906,-0.060382878369797055
2015-07-22,101.05384826660156,-2.6003875732421875,155.89866638183594,152.67686462402344,155.5736083984375,7512163,-0.0168206634966106
2015-07-23,101.9235382080078,1.319305419921875,155.5927276611328,152.8011474609375,153.2218017578125,5265773,0.008569311631364762
2015-07-24,100.67574310302734,-1.892913818359375,154.8087921142578,152.3996124267578,154.1969451904297,3951997,-0.012318109371325825
2015-07-27,100.24720001220705,-0.6501007080078125,153.13575744628906,151.625244140625,152.0076446533203,3876685,-0.004265769780660733
2015-07-28,100.86477661132812,0.9369049072265625,153.1453094482422,151.52963256835938,152.87762451171875,2846166,0.006141925335175102
2015-07-29,101.52021026611328,0.9942626953125,154.397705078125,152.3804931640625,152.9636688232422,3533806,0.006476940917750973
2015-07-30,101.43827056884766,-0.1242828369140625,154.30210876464844,152.72467041015625,153.44168090820312,2086456,-0.000807327144393355
2015-07-31,102.0873794555664,0.9846954345703125,154.93307495117188,153.5659637451172,154.30210876464844,3744889,0.00637866502834239
2015-08-03,100.0203094482422,-3.1357421875,154.73231506347656,150.95602416992188,154.5889129638672,4828022,-0.020455882187674135
2015-08-04,99.32078552246094,-1.061187744140625,151.8355712890625,149.9713134765625,151.4340362548828,5502588,-0.007018474912453776
2015-08-05,99.50985717773438,0.28680419921875,152.52389526367188,150.5544891357422,152.10325622558594,3632549,0.0019017260075351317
2015-08-06,99.3319091796875,-1.5105133056640625,150.6118621826172,149.31166076660156,150.21987915039062,3143021,-0.010056713167348796
2015-08-07,98.56940460205078,-1.1472320556640625,149.3785858154297,147.55258178710938,149.034423828125,3969465,-0.007706207638079832
2015-08-10,99.6051788330078,1.558319091796875,150.54493713378906,149.25430297851562,149.87571716308594,4825616,0.01045317989517347
2015-08-11,98.81721496582033,-1.1854705810546875,149.13002014160156,148.04971313476562,149.10133361816406,3312787,-0.00794215553403177
2015-08-12,99.23025512695312,0.6214141845703125,149.63670349121094,147.1797332763672,147.47610473632812,3724074,0.004171079567964142
2015-08-13,98.53761291503906,-1.0420684814453125,149.22561645507812,147.53346252441406,149.1969451904297,2649936,-0.007004518279203786
2015-08-14,98.96973419189452,0.6501007080078125,149.34034729003906,147.7820281982422,148.18356323242188,3374814,0.004375564227845352
2015-08-17,99.32557678222656,0.535369873046875,149.7992401123047,147.89674377441406,148.374755859375,2353082,0.0035890373227811523
2015-08-18,99.13494110107422,-0.28680419921875,149.63670349121094,148.4225616455078,148.67112731933594,2111142,-0.0019210891886212167
2015-08-19,97.819580078125,-1.978973388671875,148.8240966796875,146.66348266601562,148.32696533203125,4399894,-0.01335723171392278
2015-08-20,97.00619506835938,-1.2237091064453125,147.14149475097656,145.7935028076172,146.02294921875,4196029,-0.008349688282434542
2015-08-21,94.58518981933594,-3.6424407958984375,146.45315551757812,142.16061401367188,144.8374786376953,7700757,-0.02527409338671127
2015-08-24,91.16654205322266,-5.143402099609375,141.26194763183594,136.71128845214844,137.16061401367188,10658426,-0.03681312335153475
2015-08-25,89.57158660888672,-2.3996124267578125,140.64053344726562,134.43594360351562,140.47801208496094,7398567,-0.017649753321975936
2015-08-26,93.21900939941406,5.4875640869140625,140.51625061035156,135.88909912109375,137.7533416748047,6508003,0.039913466539763576
2015-08-27,94.38819122314452,1.7590789794921875,142.41873168945312,139.25430297851562,141.9694061279297,5205524,0.012464574313006516
2015-08-28,94.0323486328125,-0.535369873046875,141.68260192871094,140.70745849609375,141.2523956298828,4263810,-0.0037771318025932032
2015-08-31,93.97517395019533,-0.0860443115234375,141.87380981445312,139.82791137695312,140.89866638183594,4281383,-0.0006083912103100886
2015-09-01,90.6645278930664,-4.9808807373046875,138.6042022705078,135.6118621826172,138.53729248046875,5514512,-0.035864403180770665
2015-09-02,92.17051696777344,2.265777587890625,138.69981384277344,136.88336181640625,138.374755859375,4447592,0.016474173698791006
2015-09-03,93.26981353759766,1.6539154052734375,141.52008056640625,139.35946655273438,139.6271514892578,3769261,0.011856326053138133
2015-09-04,91.31266021728516,-2.944549560546875,139.0057373046875,137.0172119140625,138.2122344970703,4394351,-0.02120706673727657
2015-09-08,93.55579376220705,3.3747711181640625,140.8604278564453,139.25430297851562,139.4455108642578,4114232,0.024268269410379517
2015-09-09,92.17051696777344,-2.084136962890625,142.48565673828125,138.47991943359375,142.1988525390625,3564559,-0.01491752872624108
2015-09-10,92.90128326416016,1.09942626953125,140.68833923339844,138.15487670898438,139.43594360351562,3620938,0.007897035957994625
2015-09-11,93.6447296142578,1.1185455322265625,141.0133819580078,139.26385498046875,139.49330139160156,3258395,0.007970874642206027
2015-09-14,92.5517578125,-1.6443634033203125,140.88909912109375,139.01528930664062,140.88909912109375,3375128,-0.011739976291700316
2015-09-15,93.74639129638672,1.797332763671875,141.42446899414062,139.3498992919922,140.15296936035156,2842087,0.012825130350141656
2015-09-16,94.3056182861328,0.8412933349609375,142.34225463867188,141.05162048339844,141.3384246826172,2927963,0.0059471205091927715
2015-09-17,94.13404846191406,-0.25811767578125,143.09751892089844,140.82217407226562,141.58700561523438,4187138,-0.0018208812126037088
2015-09-18,91.82740020751952,-3.470367431640625,139.9521942138672,137.64817810058594,139.6271514892578,8342687,-0.024809092351670614
2015-09-21,93.07918548583984,1.88336181640625,140.51625061035156,138.54684448242188,138.9961700439453,4000950,0.013540166792062713
2015-09-22,91.77654266357422,-1.9598388671875,138.68069458007812,137.44741821289062,138.26004028320312,3728049,-0.014093880332596065
2015-09-23,91.2872543334961,-0.73614501953125,138.2122344970703,136.47227478027344,137.86807250976562,2797213,-0.005345617774335842
2015-09-24,91.76387786865234,0.7170257568359375,138.69024658203125,135.70745849609375,136.32887268066406,3431194,0.005207141469891319
2015-09-25,92.40562438964844,0.965576171875,139.8374786376953,138.1739959716797,139.14913940429688,3634222,0.006969580366681605
2015-09-28,90.56285095214844,-2.7724609375,138.9866180419922,136.20458984375,138.06883239746094,4515896,-0.02014372537589537
2015-09-29,90.53106689453124,-0.0478057861328125,136.38623046875,134.94264221191406,135.74569702148438,4982621,-0.00035092355250387897
2015-09-30,92.11968231201172,2.3900604248046875,139.30210876464844,137.34225463867188,137.37094116210938,4127725,0.017395395218969156
2015-10-01,91.2427978515625,-1.3193206787109375,139.26385498046875,135.36329650878906,138.91969299316406,4059421,-0.009564873551971331
2015-10-02,91.87185668945312,0.94647216796875,138.23135375976562,134.3785858154297,134.84703063964844,3194902,0.006871039905272269
2015-10-05,94.70594787597656,4.26385498046875,143.29827880859375,139.4072723388672,139.4072723388672,5367863,0.030381686161310206
2015-10-06,94.54071807861328,-0.248565673828125,143.54684448242188,141.95985412597656,142.50477600097656,3156933,-0.0017460195147318558
2015-10-07,95.37317657470705,1.2523956298828125,144.10133361816406,142.31358337402344,143.44168090820312,3117917,0.008766448401902771
2015-10-08,96.76476287841795,2.09368896484375,146.29063415527344,142.72467041015625,143.10707092285156,5014942,0.014485808232941544
2015-10-09,96.8346710205078,0.10516357421875,146.4149169921875,144.61758422851562,145.75526428222656,3693531,0.0007220999885770851
2015-10-12,96.04035949707033,-1.195037841796875,145.86997985839844,144.216064453125,145.69789123535156,3376070,-0.008236527956777095
2015-10-13,95.0744857788086,-1.453155517578125,144.14913940429688,142.6195068359375,144.14913940429688,4095822,-0.010107818088926912
2015-10-14,95.32230377197266,0.3728485107421875,144.0248565673828,142.46653747558594,143.02102661132812,3507238,0.0026032091738432683
2015-10-15,95.37317657470705,0.0764923095703125,144.5889129638672,142.04588317871094,144.27342224121094,3636105,0.0005332286503421102
2015-10-16,95.56377410888672,0.28680419921875,144.55067443847656,142.69598388671875,143.83364868164062,3643950,0.001996787065423611
2015-10-19,94.82030487060548,-1.1185455322265625,143.374755859375,141.8546905517578,143.26004028320312,8320616,-0.0078101836827038085
2015-10-20,89.36820983886719,-8.202682495117188,136.5965576171875,134.10133361816406,136.2237091064453,16762778,-0.05921833431197143
2015-10-21,89.546142578125,0.2676849365234375,136.38623046875,133.1739959716797,134.08221435546875,7312168,0.001988908551560087
2015-10-22,91.56048583984376,3.0305938720703125,138.69024658203125,135.3919677734375,135.50669860839844,5840027,0.022245760037045592
2015-10-23,91.9354248046875,0.564056396484375,139.09178161621094,137.3804931640625,138.25047302246094,5617438,0.004086323540765768
2015-10-26,91.2872543334961,-0.9751434326171875,138.62332153320312,136.91204833984375,138.3843231201172,3649912,-0.007075010729044706
2015-10-27,87.6017074584961,-5.5449371337890625,137.50477600097656,131.29063415527344,137.1988525390625,15698891,-0.04121075044169853
2015-10-28,89.48896026611328,2.839385986328125,135.0191192626953,131.45315551757812,131.8546905517578,8902924,0.02131479661781288
2015-10-29,89.31102752685547,-0.2676849365234375,134.6271514892578,132.90631103515625,134.1873779296875,3881078,-0.0019901808990674397
2015-10-30,89.01236724853516,-0.4493255615234375,135.11471557617188,133.7476043701172,134.26385498046875,4167264,-0.0033495705356836325
2015-11-02,89.1966552734375,0.277252197265625,134.34034729003906,133.43212890625,134.32122802734375,3998021,0.0020681468928342994
2015-11-03,90.15618133544922,1.4435882568359375,136.52008056640625,133.7476043701172,133.86233520507812,4549472,0.010699788899520613
2015-11-04,89.99732208251953,-0.2389984130859375,136.37667846679688,135.08604431152344,136.28106689453125,3678677,-0.001763552620209552
2015-11-05,88.89166259765625,-1.663482666015625,136.11854553222656,133.48948669433594,135.38241577148438,5331357,-0.012361643748625362
2015-11-06,88.6735610961914,-1.5678863525390625,133.41299438476562,131.806884765625,132.50477600097656,4963165,-0.011792824852250305
2015-11-09,86.7878646850586,-2.810699462890625,132.0076446533203,128.94837951660156,131.8546905517578,8447078,-0.021495137327036673
2015-11-10,86.89048767089844,0.1529541015625,129.7705535888672,128.2218017578125,129.4072723388672,4728757,0.0011816974103426858
2015-11-11,86.60186004638672,-0.430206298828125,130.2103271484375,128.5850830078125,130.10516357421875,3310381,-0.003327266984502586
2015-11-12,85.33187866210938,-1.8929214477539062,128.7762908935547,127.16061401367188,128.7762908935547,4917664,-0.01477304983491301
2015-11-13,84.50447845458984,-1.2332687377929688,127.15105438232422,125.86042022705078,127.1032485961914,4826035,-0.009743640601967307
2015-11-16,85.76162719726562,1.873802185058608,128.193115234375,125.9942626953125,125.9942626953125,4383577,0.014767066265855888
2015-11-17,85.8321762084961,0.10516357421873579,128.89100646972656,127.44741821289062,128.31739807128906,2944595,0.0008223459479141937
2015-11-18,87.11495971679688,1.9120407104492188,129.93307495117188,128.3556365966797,128.86233520507812,4340063,0.014834826507026833
2015-11-19,87.70508575439453,0.879547119140625,131.68260192871094,130.0286865234375,130.21987915039062,4972266,0.00675087906979055
2015-11-20,88.83392333984375,1.6826019287109375,132.81069946289062,131.21414184570312,131.32887268066406,5414514,0.012789024788755654
2015-11-23,88.80828857421875,-0.038238525390625,132.76290893554688,131.08985900878906,132.4378662109375,5374243,-0.00028883230005138927
2015-11-24,88.8980712890625,0.1338348388671875,133.2122344970703,131.27151489257812,131.5965576171875,3564454,0.0010105482804538823
2015-11-25,88.51322937011719,-0.5736083984375,132.34225463867188,131.3384246826172,132.28489685058594,3387157,-0.004338361043475736
2015-11-27,88.80828857421875,0.4397735595703125,132.70555114746094,131.1759033203125,131.93116760253906,1480927,0.0033278127630218535
2015-11-30,89.42401885986328,0.9177703857421875,133.7476043701172,132.4282989501953,132.51434326171875,4754698,0.0069093972498732725
2015-12-01,90.61702728271484,1.7782135009765625,135.181640625,133.44168090820312,133.44168090820312,4388075,0.01325285766536588
2015-12-02,89.60363006591797,-1.5105133056640625,135.0,133.36520385742188,134.73231506347656,3896768,-0.011246448240924245
2015-12-03,89.10330200195312,-0.7457122802734375,134.54110717773438,132.11280822753906,133.93881225585938,6181442,-0.005599146419365653
2015-12-04,90.07183074951172,1.443603515625,134.818359375,131.92160034179688,132.0172119140625,4781894,0.010810982815269377
2015-12-07,89.50739288330078,-0.84130859375,134.2351837158203,132.70555114746094,133.9961700439453,3430252,-0.006286246938105755
2015-12-08,88.54530334472656,-1.43402099609375,132.94454956054688,131.48184204101562,132.1988525390625,4084839,-0.010806920530798791
2015-12-09,87.6216812133789,-1.376678466796875,133.69024658203125,130.23899841308594,131.3384246826172,4827290,-0.01048582855697422
2015-12-10,87.73069763183594,0.1625213623046875,131.7877655029297,129.75143432617188,131.0038299560547,4416526,0.001243625355165534
2015-12-11,86.31322479248047,-2.1128082275390625,129.48374938964844,128.02102661132812,129.28298950195312,5579155,-0.016289266900484378
2015-12-14,87.18551635742188,1.3001861572265625,130.15296936035156,128.12619018554688,129.35946655273438,5380415,0.010055498721794898
2015-12-15,88.3785629272461,1.7782135009765625,132.85850524902344,131.24282836914062,131.35755920410156,4433471,0.013590822309194728
2015-12-16,89.34063720703125,1.43402099609375,133.50860595703125,131.73040771484375,133.0019073486328,4545393,0.010827202405333303
2015-12-17,87.71146392822266,-2.42828369140625,133.36520385742188,130.31549072265625,133.2218017578125,4277617,-0.018403538825436883
2015-12-18,86.52488708496094,-1.768646240234375,130.93690490722656,128.36520385742188,130.4110870361328,10487301,-0.013620706726232612
2015-12-21,86.90972137451172,0.5736083984375,129.85659790039062,128.12619018554688,129.85659790039062,5875905,0.004437835542990598
2015-12-22,88.46835327148438,2.3231353759765625,132.11280822753906,129.68450927734375,129.90440368652344,4459935,0.017774667137378408
2015-12-23,88.8595962524414,0.5831756591796875,133.18356323242188,132.0363311767578,132.2179718017578,5402485,0.004412795136049752
2015-12-24,88.6735610961914,-0.277252197265625,132.7724609375,132.0363311767578,132.34225463867188,1563979,-0.002095494141308052
2015-12-28,88.26307678222656,-0.611846923828125,131.9694061279297,130.53536987304688,131.68260192871094,3287996,-0.00463998434834334
2015-12-29,89.65492248535156,2.0745697021484375,133.90057373046875,132.12237548828125,132.170166015625,4125110,0.015646159917132252
2015-12-30,89.37269592285156,-0.420654296875,134.26385498046875,133.09751892089844,133.44168090820312,3126912,-0.0031527999472817925
2015-12-31,88.26948547363281,-1.6443634033203125,132.9827880859375,131.52008056640625,132.95411682128906,3621357,-0.012420756007845313
2016-01-04,87.19837188720703,-1.5965576171875,129.9904327392578,128.33651733398438,129.63670349121094,5469952,-0.012209087918592765
2016-01-05,87.13420867919922,-0.0955963134765625,130.86997985839844,128.91969299316406,130.74569702148438,4105341,-0.0007357891876162981
2016-01-06,86.69806671142578,-0.6501007080078125,129.61758422851562,127.74378967285156,128.47036743164062,4509201,-0.005018129881040778
2016-01-07,85.21644592285156,-2.2084121704101705,129.08221435546875,126.60611724853516,127.8202667236328,7348987,-0.017237297379592675
2016-01-08,84.42749786376953,-1.1759033203124716,127.93498992919922,125.54492950439452,127.32313537597656,4981784,-0.00930094715375862
2016-01-11,85.45375061035156,1.5296325683593608,127.93498992919922,125.96558380126952,126.0133819580078,5203222,0.012081968934591458
2016-01-12,85.24208068847656,-0.31548309326171875,127.8967514038086,125.36328887939452,127.77246856689452,5312320,-0.0024799570706965923
2016-01-13,84.13249206542969,-1.6539230346679688,128.374755859375,125.33460998535156,127.62906646728516,4916305,-0.01310280041625056
2016-01-14,85.24851989746094,1.663482666015625,127.90631103515624,125.44933319091795,126.12810516357422,5972242,0.013178037422613365
2016-01-15,83.4012680053711,-2.7533493041992188,125.12428283691406,123.20267486572266,124.29254150390624,9422891,-0.021907040214971474
2016-01-19,82.16976165771484,-1.8355636596679688,126.29063415527344,122.42829895019533,124.38814544677734,10438662,-0.014875920306119284
2016-01-20,78.16101837158203,-5.9751434326171875,118.53728485107422,112.81070709228516,113.25048065185548,16901059,-0.05001642626972469
2016-01-21,78.8344955444336,1.0038299560546875,119.59847259521484,115.2772445678711,115.96558380126952,9258774,0.008579585485468222
2016-01-22,78.57152557373047,-0.39197540283203125,119.25430297851562,116.4149169921875,119.1873779296875,9663366,-0.0033414013367645268
2016-01-25,78.30213165283203,-0.40152740478515625,118.76673126220705,116.29063415527344,116.73040008544922,5696516,-0.003434443398004028
2016-01-26,78.62924194335938,0.48757171630859375,118.17399597167967,116.86424255371094,116.8738021850586,4830219,0.004168886704066566
2016-01-27,77.58375549316406,-1.558319091796875,117.94454956054688,115.34416961669922,117.33269500732422,5257614,-0.013385556335615334
2016-01-28,78.39193725585938,1.20458984375,117.42829895019533,115.68833923339844,115.9273452758789,4123855,0.010362795197413455
2016-01-29,80.0403060913086,2.4569778442382812,119.3021011352539,117.55258178710938,117.85850524902344,8627513,0.020809615812601656
2016-02-01,80.06597137451172,0.03824615478515625,119.78011322021484,118.26959991455078,118.92925262451172,3739345,0.0003205310318001864
2016-02-02,78.85374450683594,-1.806884765625,118.6806869506836,117.24665069580078,118.23136138916016,3438516,-0.015256391697061389
2016-02-03,79.99543762207031,1.7017211914062642,119.93307495117188,116.91204833984376,118.53728485107422,6509781,0.014374795997900591
2016-02-04,81.87472534179688,2.8011474609374716,122.84894561767578,119.50286865234376,119.57935333251952,5508759,0.02322092045178259
2016-02-05,82.46482849121094,0.879539489746108,122.98279571533205,120.31549072265624,121.62523651123048,7507874,0.007181346099951469
2016-02-08,82.27691650390625,-1.52008056640625,121.9024887084961,118.67112731933594,120.45889282226562,7702744,-0.012443942930731922
2016-02-09,80.39139556884766,-2.7820205688476562,121.34799194335938,118.32695770263672,120.57361602783205,6231231,-0.023183619675460676
2016-02-10,77.8773193359375,-3.7093734741210938,119.78011322021484,114.56979370117188,119.50286865234376,6766679,-0.03177213644924315
2016-02-11,76.36111450195312,-2.237091064453125,114.397705078125,111.7590789794922,113.55640411376952,7643750,-0.019661171561662805
2016-02-12,78.42808532714844,3.049713134765625,115.72657775878906,113.14531707763672,114.01529693603516,5163579,0.02670843936507783
2016-02-16,79.52960205078125,1.6252365112304688,117.67686462402344,116.00382232666016,116.47227478027344,4248224,0.013947206112474575
2016-02-17,81.70671081542969,3.2122421264648438,121.00382232666016,117.82982635498048,118.26959991455078,5042766,0.027006988114560038
2016-02-18,85.82120513916016,6.070739746093764,128.10707092285156,124.04397583007812,124.2829818725586,10409374,0.049129924369000655
2016-02-19,86.22942352294922,0.602294921875,127.77246856689452,125.08604431152344,126.53919982910156,5361064,0.0047452391945377315
2016-02-22,86.67650604248047,0.6596603393554545,128.4034423828125,126.58699798583984,127.22753143310548,4662440,0.0051714914862364125
2016-02-23,85.78881072998047,-1.3097534179687358,127.54302215576172,126.20458984375,127.28489685058594,3597926,-0.010294279277615281
2016-02-24,86.04801177978516,0.38240814208984375,127.61949920654295,123.97705841064452,125.76481628417967,4312240,0.0030165853696857425
2016-02-25,87.14952087402344,1.6252365112304545,128.5946502685547,125.12428283691406,127.42829895019533,4558782,0.01271994265364551
2016-02-26,85.54907989501953,-2.3613739013671733,128.9866180419922,126.14722442626952,128.5946502685547,4587965,-0.018535008033820688
2016-02-29,84.90110778808594,-0.9560241699218892,127.4952163696289,125.14340209960938,126.19503021240234,4631688,-0.007602874672514304
2016-03-01,87.06529235839844,3.193115234375,128.71893310546875,126.22370910644533,126.42447662353516,3962771,0.025170873664508875
2016-03-02,88.3158187866211,1.845123291015625,131.3957977294922,127.3613739013672,127.8202667236328,5457191,0.014261142520945569
2016-03-03,89.28776550292969,1.4340362548828125,131.89292907714844,130.08604431152344,131.1854705810547,5393594,0.010945034153380995
2016-03-04,89.28776550292969,0.0,133.28871154785156,130.9942626953125,131.49139404296875,4150946,0.0
2016-03-07,90.8104476928711,2.2466583251953125,134.33078002929688,130.85086059570312,131.24282836914062,5408866,0.016909952171338283
2016-03-08,90.11066436767578,-1.032501220703125,134.17782592773438,131.37667846679688,133.5659637451172,5835739,-0.00773584721157583
2016-03-09,90.97891235351562,1.28106689453125,135.91778564453125,133.10707092285156,133.18356323242188,4609199,0.009589281521207305
2016-03-10,90.83635711669922,-0.2103271484375,135.24856567382812,132.0172119140625,135.0286865234375,4205548,-0.00156808439537226
2016-03-11,92.24241638183594,2.0745697021484375,136.63479614257812,134.33078002929688,135.49713134765625,4625307,0.015360414621758522
2016-03-14,92.51457214355467,0.4015350341796875,136.89292907714844,134.8374786376953,135.7648162841797,4235045,0.0029459629764598816
2016-03-15,92.63117980957033,0.1720733642578125,137.02676391601562,135.31549072265625,135.50669860839844,3878045,0.0012598079579584365
2016-03-16,93.8169174194336,1.7495269775390625,138.50860595703125,135.8604278564453,136.34799194335938,4416107,0.012719582491284243
2016-03-17,95.27482604980467,2.1510467529296875,140.84129333496094,138.09751892089844,138.41299438476562,6089394,0.015420207208675762
2016-03-18,95.30723571777344,0.0478057861328125,141.02294921875,139.11090087890625,140.91778564453125,12645826,0.0003400187254687381
2016-03-21,96.30509948730467,1.4722747802734375,142.170166015625,140.26768493652344,140.82217407226562,3892794,0.010415347982104528
2016-03-22,95.96168518066406,-0.506683349609375,142.71510314941406,141.3384246826172,141.5487518310547,4269667,-0.0035722126890753714
2016-03-23,94.2122039794922,-2.581268310546875,141.52008056640625,138.7476043701172,141.49139404296875,4983353,-0.0183992009424907
2016-03-24,95.86448669433594,2.4378509521484375,141.70172119140625,138.13575744628906,138.6042022705078,5276547,0.017385760178287413
2016-03-28,96.15604400634766,0.4302215576171875,142.11280822753906,140.75526428222656,141.2523956298828,3415295,0.0030370311970040476
2016-03-29,96.75862884521484,0.88909912109375,143.1739959716797,141.0133819580078,141.09942626953125,3282871,0.006247275591684698
2016-03-30,96.16252899169922,-0.879547119140625,143.79541015625,141.7973175048828,143.3556365966797,3484435,-0.0061799504072546085
2016-03-31,98.1323013305664,2.90631103515625,146.3671112060547,142.7915802001953,143.2026824951172,7092508,0.020276832910431253
2016-04-01,98.82562255859376,1.02294921875,146.2332763671875,143.64244079589844,143.89100646972656,4106073,0.0070402296321425695
2016-04-04,98.53401947021484,-0.430206298828125,146.76864624023438,145.2294464111328,145.64053344726562,4112035,-0.002954766090896399
2016-04-05,97.1927719116211,-1.978973388671875,144.93307495117188,143.06883239746094,144.7705535888672,3490502,-0.013705687527232335
2016-04-06,97.20572662353516,0.0191192626953125,143.54684448242188,141.30975341796875,143.30784606933594,4387552,0.00013331610422451234
2016-04-07,96.05885314941406,-1.6921539306640625,143.02102661132812,141.49139404296875,142.51434326171875,3831498,-0.011868533564807215
2016-04-08,96.77161407470705,1.0516204833984375,143.3938751220703,141.6061248779297,142.50477600097656,3445315,0.0073924731560959245
2016-04-11,96.7068099975586,-0.095611572265625,145.26768493652344,142.65774536132812,143.65200805664062,4023021,-0.0006698574050778561
2016-04-12,96.95299530029295,0.3632965087890625,143.50860595703125,142.04588317871094,143.0305938720703,3761207,0.0025428825179174552
2016-04-13,97.98977661132812,1.529632568359375,144.579345703125,143.04971313476562,144.12045288085938,3314146,0.010636247916632868
2016-04-14,97.9443817138672,-0.066925048828125,146.0420684814453,143.7667236328125,144.8374786376953,3322619,-0.0004630021177485233
2016-04-15,98.3072280883789,0.5353851318359375,145.4110870361328,144.32122802734375,144.397705078125,3825850,0.0036979232162996922
2016-04-18,98.83209991455078,0.7743682861328125,146.4053497314453,144.82791137695312,145.0478057861328,6884458,0.00532451039451054
2016-04-19,93.30504608154295,-8.154876708984375,140.48757934570312,136.3384246826172,140.0286865234375,13796949,-0.05754800794061499
2016-04-20,94.6722183227539,2.0172119140625,140.72657775878906,137.66729736328125,137.89674377441406,7064998,0.014546488869840779
2016-04-21,96.73919677734376,3.049713134765625,143.51815795898438,140.0191192626953,140.13385009765625,6294514,0.021597941934317966
2016-04-22,96.22085571289062,-0.7648162841796875,144.35946655273438,141.0133819580078,142.86807250976562,5430727,-0.005372731832622435
2016-04-25,96.42169189453124,0.2963714599609375,142.35182189941406,140.64053344726562,141.6443634033203,2979949,0.0020853967724434597
2016-04-26,96.5966339111328,0.25811767578125,143.2026824951172,141.3957977294922,142.11280822753906,3116871,0.0018126903540753858
2016-04-27,97.49728393554688,1.3288726806640625,144.14913940429688,142.41873168945312,142.7820281982422,3254315,0.009280659979900463
2016-04-28,95.29428100585938,-3.2504730224609375,143.57553100585938,140.27725219726562,143.1644287109375,3965909,-0.022855030102173934
2016-04-29,94.56207275390624,-1.0803070068359375,140.8604278564453,137.8489532470703,140.0478057861328,4420187,-0.007713093286127126
2016-05-02,94.12794494628906,-0.640533447265625,140.53536987304688,138.07839965820312,140.11471557617188,3663510,-0.004601484607992923
2016-05-03,93.38928985595705,-1.089874267578125,138.52772521972656,136.6156768798828,138.28871154785156,3749178,-0.007878468577750652
2016-05-04,93.46704864501952,0.1147308349609375,138.62332153320312,137.0076446533203,137.05545043945312,2695647,0.000832293936452011
2016-05-05,94.90550231933594,2.12237548828125,140.82217407226562,139.0535430908203,139.53155517578125,6800255,0.015272756304107737
2016-05-06,96.35781860351562,0.783935546875,141.46270751953125,138.11663818359375,138.48948669433594,5121007,0.0055827797335368246
2016-05-09,96.39054870605467,0.0478057861328125,141.68260192871094,140.54493713378906,141.20458984375,4500310,0.00033944167966559746
2016-05-10,98.11109924316406,2.5143280029296875,143.44168090820312,141.24282836914062,141.72084045410156,4176364,0.017692345864960046
2016-05-11,97.4438247680664,-0.9751434326171875,144.4455108642578,142.1988525390625,143.12619018554688,3235278,-0.006824595384437693
2016-05-12,97.37184143066406,-0.10516357421875,142.8202667236328,140.64053344726562,142.64817810058594,3398663,-0.000738783088971573
2016-05-13,96.6391372680664,-1.07073974609375,143.26959228515625,140.93690490722656,142.2466583251953,2508308,-0.007553271680678542
2016-05-16,97.7774658203125,1.663482666015625,143.3938751220703,140.95602416992188,141.1567840576172,3210279,0.011710227732873335
2016-05-17,96.82233428955078,-1.3957977294921875,142.92543029785156,140.8126220703125,142.64817810058594,3651168,-0.009816554465795768
2016-05-18,96.39054870605467,-0.6309661865234375,141.988525390625,139.92352294921875,141.48184204101562,2605691,-0.004469368977949806
2016-05-19,94.81390380859376,-2.30401611328125,140.46844482421875,137.62905883789062,140.03823852539062,3855138,-0.016491979065420992
2016-05-20,96.33165740966795,2.2179718017578125,141.02294921875,139.14913940429688,139.30210876464844,3840389,0.01588094441546062
2016-05-23,96.01764678955078,-0.458892822265625,141.44358825683594,140.2103271484375,141.11854553222656,2200575,-0.0032650996848930802
2016-05-24,97.0251235961914,1.4722747802734375,142.2084197998047,140.420654296875,140.420654296875,3064048,0.010437937987979318
2016-05-25,99.23633575439452,3.231353759765625,145.4015350341797,141.9694061279297,142.3804931640625,4555644,0.022534260287743635
2016-05-26,99.72699737548828,0.7170257568359375,145.8030548095703,144.4072723388672,144.88528442382812,3203793,0.0049321700995106355
2016-05-27,99.9886703491211,0.3824005126953125,146.20458984375,145.45889282226562,145.6501007080078,2570127,0.002620487138990768
2016-05-31,100.57746887207033,0.8604278564453125,147.04588317871094,145.5736083984375,145.85086059570312,6105084,0.005871290424687814
2016-06-01,99.77277374267578,-1.1759185791015625,146.52963256835938,144.87571716308594,146.27151489257812,2785916,-0.008032766965768268
2016-06-02,100.4204559326172,0.94647216796875,146.74952697753906,145.43020629882812,145.87954711914062,2764160,0.00647046397156803
2016-06-03,100.0213623046875,-0.5831756591796875,146.30975341796875,145.0286865234375,145.69789123535156,2435402,-0.003981869696562335
2016-06-06,99.91669464111328,-0.1529693603515625,147.1797332763672,145.64053344726562,146.35755920410156,2488120,-0.0010470909300419606
2016-06-07,100.30924224853516,0.5736236572265625,147.16061401367188,145.9464569091797,146.56787109375,4670390,0.003920872401127262
2016-06-08,100.74755096435548,0.640533447265625,147.31358337402344,146.30975341796875,146.7781982421875,3070010,0.004360127662963009
2016-06-09,100.3681182861328,-0.55450439453125,146.9980926513672,146.0133819580078,146.1950225830078,2114803,-0.003773419326435601
2016-06-10,99.6811981201172,-1.003814697265625,146.58700561523438,145.181640625,146.07073974609375,3264148,-0.006867420815495073
2016-06-13,98.9681167602539,-1.0420684814453125,145.7935028076172,143.67112731933594,144.96176147460938,3776478,-0.00717937294344928
2016-06-14,98.82418060302734,-0.2103271484375,145.11471557617188,143.78585815429688,144.6271514892578,2997627,-0.0014553300061415086
2016-06-15,98.57559204101562,-0.36328125,145.11471557617188,143.97705078125,144.7992401123047,2364378,-0.002518674242215191
2016-06-16,98.82418060302734,0.36328125,144.63670349121094,142.44741821289062,143.5850830078125,2561759,0.002518674242215191
2016-06-17,99.43258666992188,0.88909912109375,146.0038299560547,143.97705078125,144.32122802734375,4878439,0.006137605133734958
2016-06-20,100.49239349365234,1.54876708984375,147.86807250976562,145.8126220703125,145.88909912109375,3736417,0.010602261381849054
2016-06-21,100.78026580810548,0.4206390380859375,147.7724609375,146.93116760253906,147.3804931640625,2887274,0.002860227083591127
2016-06-22,100.04100799560548,-1.0803070068359375,147.90631103515625,145.5736083984375,146.988525390625,2964050,-0.007362323850180097
2016-06-23,101.6307373046875,2.3231353759765625,148.64244079589844,145.88909912109375,146.70172119140625,4151992,0.01576572510949159
2016-06-24,95.89988708496094,-8.374755859375,143.9866180419922,139.75143432617188,143.374755859375,9500609,-0.05804102750297169
2016-06-27,93.87841033935548,-2.9541015625,140.15296936035156,136.2332763671875,139.75143432617188,5248723,-0.021304471255340296
2016-06-28,95.31764221191406,2.103240966796875,139.32122802734375,137.87762451171875,138.41299438476562,4181594,0.01521460883933301
2016-06-29,97.12323760986328,2.6386260986328125,141.95028686523438,140.0095672607422,140.05735778808594,3522614,0.018765868219016824
2016-06-30,99.29521942138672,3.1739959716796875,145.2294464111328,142.13192749023438,142.31358337402344,4149587,0.022116540685569674
2016-07-01,99.66809844970705,0.5449371337890625,146.24282836914062,144.7418670654297,145.10516357421875,2780582,0.003748429272278031
2016-07-05,99.22980499267578,-0.640533447265625,145.31549072265625,144.13002014160156,144.54110717773438,2578599,-0.004407453491154456
2016-07-06,99.6811981201172,0.6596527099609375,145.70745849609375,143.32696533203125,145.17208862304688,2687592,0.004538713324373056
2016-07-07,99.8316421508789,0.219879150390625,146.93116760253906,145.2103271484375,146.03250122070312,2236766,0.0015083033319749362
2016-07-08,101.0484848022461,1.7781982421875,147.8011474609375,146.34799194335938,147.2275390625,3180468,0.012115014442242611
2016-07-11,101.6176300048828,0.8317413330078125,149.17782592773438,147.70555114746094,147.8011474609375,2964050,0.005616732345064435
2016-07-12,102.73634338378906,1.6348114013671875,150.2103271484375,148.68069458007812,149.1395721435547,4020615,0.010948745391207382
2016-07-13,103.37743377685548,0.9368896484375,151.37667846679688,150.15296936035156,150.8126220703125,2872734,0.006220972067054298
2016-07-14,104.85594177246094,2.160614013671875,154.30210876464844,151.6061248779297,151.8260040283203,4850930,0.014200693118596064
2016-07-15,104.52886199951172,-0.4780120849609375,152.94454956054688,151.52963256835938,152.86807250976562,4682733,-0.0031244208024521214
2016-07-18,104.58118438720705,0.0764923095703125,153.68069458007812,151.74952697753906,152.29444885253906,7039266,0.0005006316921924991
2016-07-19,104.39798736572266,-0.2677001953125,155.0095672607422,150.9464569091797,154.66539001464844,7447520,-0.0017531585118648607
2016-07-20,105.56246185302734,1.70172119140625,154.5984649658203,152.58126831054688,152.93499755859375,4577610,0.011092532592277493
2016-07-21,104.96715545654295,-0.8699798583984375,154.73231506347656,152.85850524902344,153.68069458007812,3680769,-0.005655519703399392
2016-07-22,106.02699279785156,1.54876708984375,155.03823852539062,153.4225616455078,153.70936584472656,2636025,0.010046037548293363
2016-07-25,106.40640258789062,0.5544891357421875,155.71701049804688,154.63670349121094,154.87571716308594,2933612,0.0035722853360402596
2016-07-26,106.0597152709961,-0.5066986083984375,156.4053497314453,154.27342224121094,155.49713134765625,3027752,-0.0032638927727104416
2016-07-27,105.8699951171875,-0.2772369384765625,155.420654296875,154.09178161621094,154.9904327392578,2262184,-0.0017903375161338886
2016-07-28,105.56906127929688,-0.4397735595703125,154.69407653808594,153.64244079589844,154.28298950195312,2448058,-0.002846556004980627
2016-07-29,105.07836151123048,-0.717010498046875,154.5602264404297,152.9923553466797,154.26385498046875,3710685,-0.004658494502976396
2016-08-01,105.62136840820312,0.793487548828125,154.54110717773438,152.81069946289062,153.5850830078125,2953486,0.005154095755446342
2016-08-02,105.05223846435548,-0.8317413330078125,154.3498992919922,153.30784606933594,154.17782592773438,3222621,-0.005403245559122638
2016-08-03,105.11107635498048,0.0860443115234375,153.78585815429688,152.7724609375,153.08795166015625,2993338,0.0005603259476805178
2016-08-04,105.6867904663086,0.84130859375,154.5889129638672,153.07839965820312,153.78585815429688,2603599,0.005462174769882644
2016-08-05,106.96248626708984,1.8642425537109375,156.31930541992188,154.46463012695312,154.87571716308594,3987770,0.011998283745733751
2016-08-08,106.92288208007812,-1.3957977294921875,156.08985900878906,154.47418212890625,155.5736083984375,3179108,-0.00896979919683183
2016-08-09,106.7447509765625,-0.25811767578125,155.6118621826172,154.54110717773438,155.08604431152344,2863425,-0.0016675899318920884
2016-08-10,106.9493179321289,0.296356201171875,155.50669860839844,154.8374786376953,155.05735778808594,2580168,0.00191439666180937
2016-08-11,107.90608978271484,1.38623046875,157.69598388671875,155.0478057861328,155.11471557617188,9171956,0.008906401594087399
2016-08-12,106.86351776123048,-1.5105133056640625,156.27151489257812,154.4168243408203,156.0133819580078,2660083,-0.009708795558962535
2016-08-15,106.81732940673828,-0.0669097900390625,155.8030548095703,154.66539001464844,155.2581329345703,3107038,-0.0004322492717214743
2016-08-16,106.03868865966795,-1.12811279296875,154.8087921142578,153.62332153320312,154.0248565673828,2311869,-0.007316084137934276
2016-08-17,105.86714935302734,-0.248565673828125,154.07266235351562,152.81069946289062,153.89100646972656,3374291,-0.0016192299225696871
2016-08-18,106.47415924072266,0.8795318603515625,154.87571716308594,153.3843231201172,153.8145294189453,3819992,0.0057177927202616274
2016-08-19,105.60317993164062,-1.2619476318359375,153.83364868164062,152.50477600097656,153.7667236328125,2944699,-0.008214092697484077
2016-08-22,105.57682037353516,-0.038238525390625,153.50860595703125,152.13192749023438,152.9636688232422,2133108,-0.00024995312262365843
2016-08-23,105.74838256835938,0.248565673828125,154.24473571777344,153.18356323242188,153.27915954589844,2968653,0.0016236792362889219
2016-08-24,104.94993591308594,-1.1567840576171875,153.13575744628906,151.35755920410156,152.85850524902344,3813507,-0.007578853915691575
2016-08-25,104.67278289794922,-0.4015350341796875,152.52389526367188,151.45315551757812,152.0076446533203,2693450,-0.002644207346180316
2016-08-26,104.4682388305664,-0.296356201171875,153.3843231201172,150.90821838378906,151.89292907714844,2613849,-0.001956073089625754
2016-08-29,105.39207458496094,1.3384246826171875,153.1644287109375,151.52963256835938,151.84512329101562,2589791,0.008803931794518327
2016-08-30,105.1808853149414,-0.3059234619140625,153.10707092285156,151.8260040283203,152.73422241210938,1896712,-0.002005490386422615
2016-08-31,104.83778381347656,-0.49713134765625,152.6386260986328,151.30018615722656,152.6386260986328,2430486,-0.0032675621518700737
2016-09-01,105.27326202392578,0.6309661865234375,152.6003875732422,151.14723205566406,151.35755920410156,2466886,0.004145415362358129
2016-09-02,105.2798309326172,0.0095672607421875,153.50860595703125,152.1510467529297,152.8489532470703,2421908,6.272434020093698e-05
2016-09-06,105.80773162841795,0.7648162841796875,153.78585815429688,152.11280822753906,152.8489532470703,3131829,0.005001559845992709
2016-09-07,106.65898895263672,1.2332763671875,154.64627075195312,152.9636688232422,153.1453094482422,2999196,0.008012757890857536
2016-09-08,104.91692352294922,-2.5239105224609375,154.12045288085938,151.7781982421875,153.48948669433594,4145507,-0.016467502750036722
2016-09-09,102.73282623291016,-3.1644287109375,151.4340362548828,148.8049774169922,151.08030700683594,5424556,-0.021037303400671448
2016-09-12,104.4484405517578,2.48565673828125,151.55831909179688,148.0305938720703,148.43212890625,4568405,0.01656192330763151
2016-09-13,102.81198120117188,-2.370941162109375,150.98471069335938,148.6615753173828,150.69789123535156,3803988,-0.015791505981681553
2016-09-14,101.6506576538086,-1.6826019287109375,149.01528930664062,146.6443634033203,148.85276794433594,4038188,-0.011360101952268664
2016-09-15,102.71302795410156,1.5391998291015625,149.45506286621094,146.47227478027344,147.51434326171875,3813298,0.010396936250216093
2016-09-16,101.51209259033205,-1.739959716796875,148.5659637451172,146.72084045410156,148.2218017578125,6760926,-0.011761026533980257
2016-09-19,102.19173431396484,0.984710693359375,149.32122802734375,147.7533416748047,148.0592803955078,2562805,0.0066730017383100915
2016-09-20,101.91458129882812,-0.4015350341796875,149.68450927734375,147.65774536132812,149.01528930664062,2258419,-0.0027156723893364543
2016-09-21,102.62726593017578,1.032501220703125,148.83364868164062,147.10325622558594,148.09751892089844,2587699,0.006968195679354139
2016-09-22,103.00995635986328,0.5544891357421875,150.30592346191406,148.8432159423828,149.28298950195312,2814891,0.003722220006943111
2016-09-23,102.26431274414062,-1.0803070068359375,149.17782592773438,147.90631103515625,148.7762908935547,2826501,-0.007264818219302249
2016-09-26,101.60450744628906,-0.9560089111328125,147.66729736328125,146.71128845214844,147.66729736328125,2649832,-0.00647325747277705
2016-09-27,103.4454345703125,2.66729736328125,149.87571716308594,147.04588317871094,147.53346252441406,3124611,0.017956994025164263
2016-09-28,104.4484405517578,1.453155517578125,151.65391540527344,149.35946655273438,150.08604431152344,3462260,0.009649034849358529
2016-09-29,104.32967376708984,-0.172088623046875,157.74378967285156,150.53536987304688,151.65391540527344,3530041,-0.0011378300939544062
2016-09-30,104.81796264648438,0.70745849609375,152.81069946289062,151.10899353027344,151.91204833984375,3762357,0.004669377497680038
2016-10-03,103.99974060058594,-1.1854705810546875,151.4053497314453,150.11471557617188,151.10899353027344,2330279,-0.007836747776219788
2016-10-04,103.24090576171876,-1.09942626953125,151.55831909179688,148.96749877929688,150.73614501953125,3016769,-0.007323240360944894
2016-10-05,103.65003967285156,0.592742919921875,150.88909912109375,149.82791137695312,150.1625213623047,1761987,0.003954901459319871
2016-10-06,103.51803588867188,-0.1912078857421875,150.50669860839844,149.034423828125,149.94264221191406,2039805,-0.0012740697652571242
2016-10-07,102.71961212158205,-1.1567840576171875,150.7648162841797,148.04971313476562,150.2294464111328,2794807,-0.0077427748812342045
2016-10-10,103.61043548583984,1.290618896484375,151.52008056640625,149.7705535888672,149.818359375,2595440,0.008634722976335496
2016-10-11,102.13895416259766,-2.131927490234375,150.0478057861328,147.12237548828125,149.8374786376953,3034760,-0.014303802031626844
2016-10-12,101.80902099609376,-0.4780120849609375,148.15487670898438,146.34799194335938,148.15487670898438,3100344,-0.0032354153611873215
2016-10-13,101.4329071044922,-0.544921875,147.4378662109375,145.5736083984375,146.9407196044922,3043755,-0.0037011066273180404
2016-10-14,101.91458129882812,0.6978912353515625,148.69024658203125,147.31358337402344,147.67686462402344,4558677,0.004737616095666475
2016-10-17,102.12574768066406,0.3059234619140625,149.034423828125,147.55258178710938,147.65774536132812,6161358,0.0020696983130514823
2016-10-18,99.45333862304688,-3.87188720703125,144.35946655273438,141.29063415527344,143.4225616455078,13358048,-0.026516293829381254
2016-10-19,99.80970001220705,0.5162506103515625,145.74569702148438,144.1969451904297,144.61758422851562,4846013,0.0035763872081560066
2016-10-20,99.98123168945312,0.248565673828125,146.1759033203125,144.3785858154297,144.6271514892578,4208163,0.0017174169764011538
2016-10-21,98.7340850830078,-1.806884765625,144.50286865234375,142.9827880859375,143.9579315185547,4617253,-0.012552058915187736
2016-10-24,99.35433959960938,0.8986663818359375,144.85659790039062,143.78585815429688,143.78585815429688,2789368,0.006262545584425183
2016-10-25,99.55892944335938,0.296356201171875,144.51242065429688,143.2409210205078,143.94837951660156,2769285,0.002056650835616125
2016-10-26,100.17256927490234,0.8891143798828125,146.21414184570312,143.65200805664062,144.08221435546875,2941038,0.006145010179018584
2016-10-27,101.18878173828124,1.4722747802734375,147.28489685058594,145.33460998535156,146.09942626953125,4423848,0.010093147358092303
2016-10-28,100.7004852294922,-0.70745849609375,147.64817810058594,145.48757934570312,147.27532958984375,3822607,-0.004837253246570583
2016-10-31,101.41312408447266,1.032501220703125,147.5430145263672,146.0420684814453,146.0420684814453,3716647,0.007051914659547798
2016-11-01,100.8192367553711,-0.8604278564453125,147.14149475097656,145.06692504882812,146.74952697753906,3338727,-0.005873206338958603
2016-11-02,100.26497650146484,-0.8030548095703125,146.6061248779297,145.0,145.77438354492188,3215822,-0.005512879698609474
2016-11-03,100.54209899902344,0.4015350341796875,146.97897338867188,145.12428283691406,145.8030548095703,3011225,0.0027602911996051915
2016-11-04,100.58168029785156,0.0573577880859375,146.88336181640625,145.1912078857422,145.69789123535156,2584038,0.0003936761564418134
2016-11-07,102.75260162353516,3.1453094482421875,149.24473571777344,147.07456970214844,147.2179718017578,3979925,0.021354007854682777
2016-11-08,103.3185806274414,-0.5258026123046875,149.07266235351562,146.32887268066406,147.76290893554688,4102307,-0.0035381653245512013
2016-11-09,103.078857421875,-0.34417724609375,148.71893310546875,144.35946655273438,146.2332763671875,5652270,-0.0023227921915953686
2016-11-10,106.68107604980467,5.172088623046875,154.07266235351562,150.65965270996094,150.72657775878906,8070727,0.034349342639094615
2016-11-11,107.38023376464844,1.0038299560546875,154.24473571777344,152.32313537597656,152.93499755859375,4651144,0.006532146249932147
2016-11-14,105.34275817871094,-2.9254302978515625,154.7418670654297,150.6501007080078,154.15870666503906,5435539,-0.019156714400085484
2016-11-15,105.64901733398438,0.43975830078125,152.1510467529297,150.6214141845703,151.45315551757812,3636942,0.002903228398088764
2016-11-16,106.06185150146484,0.592742919921875,152.53346252441406,151.08030700683594,151.49139404296875,2356429,0.00389992382431803
2016-11-17,106.40143585205078,0.4875640869140625,152.89674377441406,151.86424255371094,152.2179718017578,2365215,0.003196543139332597
2016-11-18,106.79426574707033,0.564056396484375,153.65200805664062,152.2084197998047,152.7724609375,3118754,0.0036853347985585927
2016-11-21,108.37896728515624,2.2753448486328125,155.8317413330078,153.31739807128906,153.62332153320312,4850407,0.014729878124263962
2016-11-22,108.31239318847656,-0.095611572265625,155.8317413330078,154.82791137695312,155.8317413330078,2898257,-0.000614612253563962
2016-11-23,107.8529815673828,-0.6596527099609375,155.23899841308594,154.26385498046875,154.818359375,2356324,-0.004250717847105179
2016-11-25,108.62529754638672,1.108978271484375,156.0133819580078,154.71319580078125,154.71319580078125,1679144,0.007135803489736858
2016-11-28,109.54420471191406,1.3193206787109375,157.41873168945312,155.54493713378906,156.02294921875,4654072,0.008423473184216768
2016-11-29,108.88500213623048,-0.94647216796875,157.1797332763672,155.8604278564453,156.7877655029297,3293017,-0.00603574400454665
