Date,adj close_meta,close_meta,high_meta,low_meta,open_meta,volume_meta,log_close_meta
2014-08-01,72.14279174804688,,73.22000122070312,71.55000305175781,72.22000122070312,43535000,
2014-08-04,73.28933715820312,1.1500015258789062,73.87999725341797,72.36000061035156,72.36000061035156,30777000,0.01576781148437778
2014-08-05,72.47179412841797,-0.8199996948242188,73.58999633789062,72.18000030517578,73.19999694824219,34986000,-0.01121762336330967
2014-08-06,72.25245666503906,-0.220001220703125,73.72000122070312,71.79000091552734,72.0199966430664,30986000,-0.003031157117648675
2014-08-07,72.95035552978516,0.6999969482421875,74.0,72.69999694824219,73.0,38141000,0.009612775905829984
2014-08-08,72.84068298339844,-0.1100006103515625,73.43000030517578,72.55999755859375,73.4000015258789,27202000,-0.0015044879205943218
2014-08-11,73.21954345703125,0.3800048828125,73.91000366210938,73.05999755859375,73.45999908447266,24591000,0.00518779160510352
2014-08-12,72.61138153076172,-0.6100006103515625,73.33000183105469,72.22000122070312,73.08999633789062,27419000,-0.008340796184470811
2014-08-13,73.54855346679688,0.9399948120117188,74.25,73.05000305175781,73.12000274658203,29266000,0.012824116019493736
2014-08-14,74.07696533203125,0.5300064086914062,74.37999725341797,73.69000244140625,73.97000122070312,22207000,0.007158893406362665
2014-08-15,73.40897369384766,-0.6700057983398438,74.6500015258789,73.0,74.31999969482422,38846600,-0.009058478719030205
2014-08-18,74.3660888671875,0.9599990844726562,74.72000122070312,73.95999908447266,74.0,23974000,0.012953886792412383
2014-08-19,75.06399536132812,0.7000045776367188,75.58000183105469,74.51000213623047,74.80999755859375,26679000,0.009340935151492147
2014-08-20,74.5854263305664,-0.48000335693359375,75.18000030517578,74.62000274658203,74.97000122070312,22917000,-0.0063958027724879685
2014-08-21,74.34615325927734,-0.23999786376953125,75.19000244140625,74.41000366210938,74.91999816894531,20102000,-0.0032132557863260303
2014-08-22,74.34615325927734,0.0,74.7300033569336,73.56999969482422,74.33999633789062,20897000,0.0
2014-08-25,74.7947998046875,0.4499969482421875,75.27999877929688,74.79000091552734,74.94000244140625,19734000,0.006016422443329006
2014-08-26,75.73197937011719,0.94000244140625,75.98999786376953,74.7300033569336,75.0,23993000,0.012452173984771164
2014-08-27,74.40596771240234,-1.3300018310546875,75.48999786376953,74.45999908447266,75.2699966430664,36323000,-0.017664339550687913
2014-08-28,73.6382827758789,-0.7699966430664062,74.43000030517578,73.7300033569336,74.0,21947000,-0.010371116652596157
2014-08-29,74.59540557861328,0.9599990844726562,74.81999969482422,74.01000213623047,74.30000305175781,26241000,0.012913807153155155
2014-09-02,76.44981384277344,1.8600006103515625,76.69999694824219,74.81999969482422,75.01000213623047,34979000,0.02455569731610474
2014-09-03,75.60237884521484,-0.8499984741210938,77.4800033569336,75.5999984741211,77.13999938964844,32389000,-0.011146905297623633
2014-09-04,75.72200775146484,0.1199951171875,76.93000030517578,75.52999877929688,75.88999938964844,26676000,0.0015811720009564212
2014-09-05,77.02808380126953,1.3100051879882812,77.37999725341797,75.5999984741211,76.0999984741211,29476000,0.017101196027386578
2014-09-08,77.65618133544922,0.6299972534179688,78.16999816894531,77.01000213623047,77.26000213623047,28183000,0.008121182207761812
2014-09-09,76.43984985351562,-1.220001220703125,78.16999816894531,76.19999694824219,77.58999633789062,28882000,-0.01578709340726725
2014-09-10,77.19756317138672,0.7600021362304688,77.94999694824219,76.51000213623047,76.5199966430664,29909000,0.009863832651424431
2014-09-11,77.68609619140625,0.48999786376953125,78.36000061035156,77.05000305175781,77.12999725341797,32219000,0.006308329495174014
2014-09-12,77.24742126464844,-0.43999481201171875,78.30000305175781,77.0999984741211,78.0199966430664,26676800,-0.005662753969870593
2014-09-15,74.35612487792969,-2.9000015258789062,77.25,73.43000030517578,77.1500015258789,49679000,-0.03814748256302192
2014-09-16,75.85161590576172,1.5,76.2300033569336,73.06999969482422,73.5199966430664,37742000,0.01991304300239971
2014-09-17,76.20057678222656,0.34999847412109375,77.25,75.56999969482422,75.95999908447266,28693000,0.004589850943046869
2014-09-18,76.76885986328125,0.5699996948242188,77.33000183105469,76.5199966430664,76.7699966430664,23031000,0.007430128606012332
2014-09-19,77.67613220214844,0.910003662109375,78.30000305175781,76.44000244140625,77.4000015258789,76671000,0.011748939493437582
2014-09-22,76.56946563720703,-1.1100006103515625,77.52999877929688,75.94999694824219,77.0,31961000,-0.014349681457066055
2014-09-23,78.05499267578125,1.4899978637695312,78.62999725341797,76.04000091552734,76.33000183105469,36814000,0.019215212723818986
2014-09-24,78.30422973632812,0.25,78.62000274658203,77.51000213623047,78.0999984741211,30680000,0.003188168192817642
2014-09-25,76.98819732666016,-1.3199996948242188,78.94000244140625,77.12999725341797,78.5999984741211,37533000,-0.016949554162480673
2014-09-26,78.5534896850586,1.5699996948242188,78.83999633789062,77.33000183105469,77.58999633789062,28872000,0.02012759023322719
2014-09-29,78.76285552978516,0.20999908447265625,79.19999694824219,77.91000366210938,78.12000274658203,34031000,0.002661755589582704
2014-09-30,78.802734375,0.04000091552734375,79.70999908447266,78.5999984741211,79.3499984741211,35899000,0.0005062125556793973
2014-10-01,76.3202133178711,-2.4899978637695312,78.81999969482422,75.9000015258789,78.77999877929688,55090000,-0.032009903052806266
2014-10-02,76.84862518310547,0.529998779296875,77.4800033569336,75.63999938964844,76.56999969482422,36488000,0.0068997053315209556
2014-10-03,77.2075424194336,0.3600006103515625,78.05999755859375,77.26000213623047,77.76000213623047,23340000,0.004659607193329585
2014-10-06,77.32717895507812,0.1199951171875,77.88999938964844,76.8499984741211,77.19000244140625,25729000,0.001548324402058654
2014-10-07,76.06098937988281,-1.2699966430664062,77.94999694824219,76.23999786376953,77.05000305175781,25317000,-0.016509918794045397
2014-10-08,77.28730010986328,1.2299957275390625,77.70999908447266,75.0999984741211,76.18000030517578,32976000,0.01599404417565431
2014-10-09,75.68213653564453,-1.6099929809570312,77.76000213623047,75.8499984741211,77.27999877929688,32487000,-0.02098744800695762
2014-10-10,72.6911392211914,-3.0,76.5,72.76000213623047,75.58999633789062,52146000,-0.04032262222531102
2014-10-13,72.7708969116211,0.07999420166015625,74.77999877929688,72.5199966430664,73.2300033569336,43938000,0.0010965621499563483
2014-10-14,73.36909484863281,0.5999984741210938,74.18000030517578,72.05000305175781,74.0,50299000,0.008186680978723437
2014-10-15,72.990234375,-0.37999725341796875,73.80000305175781,70.31999969482422,71.69000244140625,61528000,-0.00517708602176814
2014-10-16,72.41197967529297,-0.5800018310546875,73.3499984741211,70.58000183105469,70.79000091552734,53529000,-0.007953989351061175
2014-10-17,75.72200775146484,3.3199996948242188,76.0,73.75,74.2300033569336,76342000,0.04469716705864357
2014-10-20,76.71900939941406,1.0,77.08999633789062,75.37999725341797,75.5999984741211,34701000,0.013080631765278738
2014-10-21,78.45378875732422,1.7400054931640625,78.73999786376953,77.1500015258789,77.55999755859375,32252000,0.022360292946597582
2014-10-22,78.13475036621094,-0.31999969482421875,79.8499984741211,78.01000213623047,78.81999969482422,41862000,-0.004074877461397897
2014-10-23,79.79972839355469,1.6699981689453125,80.62999725341797,79.01000213623047,79.37999725341797,35056000,0.021085285042788726
2014-10-24,80.42784118652344,0.6299972534179688,80.81999969482422,79.31999969482422,80.19999694824219,32248000,0.007840215096890368
2014-10-27,80.03900909423828,-0.3899993896484375,80.80000305175781,79.76000213623047,80.73999786376953,30169000,-0.004846227528227942
2014-10-28,80.52753448486328,0.48999786376953125,81.16000366210938,79.56999969482422,80.18000030517578,74212000,0.006085059169997464
2014-10-29,75.63228607177734,-4.909996032714844,76.87999725341797,74.77999877929688,75.44999694824219,106120000,-0.06271602358604955
2014-10-30,73.88753509521484,-1.75,75.3499984741211,72.9000015258789,75.05000305175781,83270000,-0.023339060107496756
2014-10-31,74.764892578125,0.8799972534179688,75.69999694824219,74.44999694824219,74.93000030517578,44544000,0.011804258627407194
2014-11-03,73.65821838378906,-1.1100006103515625,75.5199966430664,73.69999694824219,75.47000122070312,40727000,-0.014912624671646668
2014-11-04,75.53258514404297,1.8800048828125,75.7699966430664,73.6500015258789,74.2300033569336,39326000,0.025128358920382787
2014-11-05,74.60537719726562,-0.9300003051757812,76.80000305175781,74.41999816894531,76.51000213623047,35913000,-0.012351578513368544
2014-11-06,75.03408813476562,0.43000030517578125,75.5999984741211,74.30999755859375,74.88999938964844,21383000,0.005729914988170215
2014-11-07,75.37305450439453,0.339996337890625,75.86000061035156,75.0199966430664,75.38999938964844,20774000,0.004507449451939927
2014-11-10,74.77485656738281,-0.5999984741210938,75.4800033569336,74.61000061035156,75.36000061035156,21575100,-0.007968149465593655
2014-11-11,74.38603210449219,-0.3899993896484375,74.9800033569336,74.02999877929688,74.94999694824219,18715700,-0.0052135588723274395
2014-11-12,74.4957046508789,0.1100006103515625,75.13999938964844,73.54000091552734,74.27999877929688,26536600,0.0014732555936376457
2014-11-13,74.02711486816406,-0.470001220703125,75.23999786376953,73.63999938964844,74.73999786376953,26448500,-0.006310032574811331
2014-11-14,74.65522003173828,0.6299972534179688,74.93000030517578,74.04000091552734,74.2699966430664,19476900,0.008449017806745118
2014-11-17,74.01713562011719,-0.6399993896484375,75.66000366210938,73.87999725341797,74.87999725341797,28701200,-0.008583735786265478
2014-11-18,74.1168441772461,0.09999847412109375,74.80000305175781,73.9000015258789,74.44999694824219,20690500,0.001346055904188681
2014-11-19,73.1098861694336,-1.0099945068359375,74.54000091552734,73.11000061035156,74.01000213623047,25441200,-0.013679288531706746
2014-11-20,73.37905883789062,0.26999664306640625,73.98999786376953,72.51000213623047,72.80000305175781,19154900,0.003675177927009443
2014-11-21,73.52861022949219,0.15000152587890625,74.5,73.5,74.5,23060400,0.002035990217149397
2014-11-24,73.78783416748047,0.26000213623046875,74.3499984741211,73.3499984741211,73.54000091552734,22103800,0.0035192528535237244
2014-11-25,75.4029769897461,1.6199951171875,75.73999786376953,74.12999725341797,74.20999908447266,32250200,0.021652745478445645
2014-11-26,77.38700103759766,1.9900054931640625,77.77999877929688,75.51000213623047,75.52999877929688,32695300,0.025972167773839594
2014-11-28,77.46675109863281,0.07999420166015625,78.2699966430664,77.2300033569336,77.66999816894531,15992000,0.0010300567717003162
2014-12-01,74.87455749511719,-2.5999984741210938,77.30999755859375,74.80000305175781,77.26000213623047,31789900,-0.034034679645311705
2014-12-02,75.23348236083984,0.3600006103515625,75.91000366210938,75.04000091552734,75.33000183105469,16773900,0.004782163951419172
2014-12-03,74.65522003173828,-0.5800018310546875,75.7300033569336,74.4000015258789,75.37999725341797,16689900,-0.007715906913992043
2014-12-04,75.0141372680664,0.3600006103515625,75.55000305175781,74.66000366210938,74.83000183105469,14362800,0.004796180551057461
2014-12-05,76.13078308105469,1.1200027465820312,76.76000213623047,75.36000061035156,75.80000305175781,24306400,0.014776030810015328
2014-12-08,76.29029083251953,0.15999603271484375,77.25,75.4000015258789,76.18000030517578,25733900,0.002093093851408767
2014-12-09,76.60933685302734,0.31999969482421875,76.93000030517578,74.77999877929688,75.19999694824219,25358600,0.004173189539425692
2014-12-10,75.95132446289062,-0.6599960327148438,77.55000305175781,76.06999969482422,76.6500015258789,32210500,-0.008626325185020711
2014-12-11,77.49666595458984,1.5500030517578125,78.5199966430664,76.4800033569336,76.5199966430664,33462100,0.02014236137279113
2014-12-12,77.59636688232422,0.09999847412109375,78.87999725341797,77.0199966430664,77.16000366210938,28091600,0.0012856580683999752
2014-12-15,76.7588882446289,-0.8400039672851562,78.58000183105469,76.55999755859375,78.45999908447266,29396500,-0.010851468954530041
2014-12-16,74.4657974243164,-2.2999954223632812,77.38999938964844,74.58999633789062,76.19000244140625,31554600,-0.030329268486936733
2014-12-17,75.88153076171875,1.4199981689453125,76.41000366210938,74.9000015258789,75.01000213623047,29203900,0.018833423242470282
2014-12-18,78.16465759277344,2.2900009155273438,78.4000015258789,76.51000213623047,76.88999938964844,34222100,0.029644276520468082
2014-12-19,79.64020538330078,1.4799957275390625,80.0,78.33000183105469,78.75,43335000,0.018701527344659574
2014-12-22,81.20549774169922,1.5699996948242188,81.88999938964844,80.0,80.08000183105469,31395800,0.019463823416423054
2014-12-23,80.3680191040039,-0.839996337890625,82.16999816894531,80.4000015258789,82.0199966430664,19865800,-0.010366578713015606
2014-12-24,80.52753448486328,0.15999603271484375,81.43000030517578,80.75,81.02999877929688,7685500,0.001982849025394806
2014-12-26,80.53751373291016,0.01000213623046875,81.27999877929688,80.51000213623047,81.0199966430664,10647400,0.00012382713124914346
2014-12-29,79.77979278564453,-0.7600021362304688,80.95999908447266,79.70999908447266,80.48999786376953,14134700,-0.009452833545908312
2014-12-30,78.9822006225586,-0.7999954223632812,80.58999633789062,79.0999984741211,79.8499984741211,14370800,-0.010047753875108256
2014-12-31,77.7857894897461,-1.2000045776367188,79.80000305175781,77.86000061035156,79.54000091552734,19935400,-0.015263646550865317
2015-01-02,78.21450805664062,0.43000030517578125,78.93000030517578,77.69999694824219,78.58000183105469,18177500,0.005496279226434808
2015-01-05,76.95829010009766,-1.2599945068359375,79.25,76.86000061035156,77.9800033569336,26452200,-0.016191493688075376
2015-01-06,75.92141723632812,-1.0400009155273438,77.58999633789062,75.36000061035156,77.2300033569336,27399300,-0.0135648472113159
2015-01-07,75.92141723632812,0.0,77.36000061035156,75.81999969482422,76.76000213623047,22045300,0.0
2015-01-08,77.9453125,2.029998779296875,78.2300033569336,76.08000183105469,76.73999786376953,23961000,0.026308764889334313
2015-01-09,77.50662994384766,-0.44000244140625,78.62000274658203,77.19999694824219,78.19999694824219,21157000,-0.005643966323400917
2015-01-12,76.48970031738281,-1.0199966430664062,78.0,76.20999908447266,77.83999633789062,19190200,-0.013207451458580266
2015-01-13,76.22050476074219,-0.2700042724609375,78.08000183105469,75.8499984741211,77.2300033569336,25179600,-0.003525554029607747
2015-01-14,76.05101776123047,-0.1699981689453125,77.19999694824219,76.02999877929688,76.41999816894531,25918600,-0.002226127727428029
2015-01-15,73.82772064208984,-2.2299957275390625,76.56999969482422,73.54000091552734,76.4000015258789,34134000,-0.02967018280336209
2015-01-16,74.9543228149414,1.1299972534179688,75.31999969482422,73.83999633789062,74.04000091552734,21791500,0.015144660269369226
2015-01-20,76.0111312866211,1.05999755859375,76.30999755859375,74.81999969482422,75.72000122070312,22821600,0.014000989130833474
2015-01-21,76.50963592529297,0.5,77.30000305175781,75.8499984741211,76.16000366210938,25096700,0.006536825655423684
2015-01-22,77.41690826416016,0.910003662109375,77.75,76.68000030517578,77.16999816894531,19519500,0.011788512263864348
2015-01-23,77.59636688232422,0.18000030517578125,78.19000244140625,77.04000091552734,77.6500015258789,16746500,0.002315415252209796
2015-01-26,77.26734924316406,-0.3300018310546875,78.47000122070312,77.29000091552734,77.9800033569336,19260800,-0.00424904813833038
2015-01-27,75.55252075195312,-1.720001220703125,76.87999725341797,75.62999725341797,76.70999908447266,20110000,-0.022443546877360276
2015-01-28,76.0111312866211,0.45999908447265625,77.63999938964844,76.0,76.9000015258789,53306400,0.006051841844192829
2015-01-29,77.76585388183594,1.7600021362304688,78.0199966430664,74.20999908447266,76.8499984741211,61293500,0.022822595363457765
2015-01-30,75.68213653564453,-2.089996337890625,78.16000366210938,75.75,78.0,42649500,-0.02716035041813658
2015-02-02,74.764892578125,-0.9200057983398438,76.13999938964844,73.75,76.11000061035156,41955300,-0.012193733445029054
2015-02-03,75.17366027832031,0.410003662109375,75.58000183105469,73.86000061035156,75.19000244140625,26957700,0.00545255242460474
2015-02-04,75.4029769897461,0.2299957275390625,76.3499984741211,75.01000213623047,75.08999633789062,20277400,0.0030456983008679828
2015-02-05,75.3830337524414,-0.01999664306640625,75.9800033569336,75.20999908447266,75.70999908447266,15062600,-0.0002644359093544324
2015-02-06,74.24645233154297,-1.1399993896484375,75.69999694824219,74.25,75.68000030517578,21211000,-0.015192181528112414
2015-02-09,74.21654510498047,-0.029998779296875,74.83000183105469,73.44999694824219,74.05000305175781,16194300,-0.0004029115434152075
2015-02-10,74.96429443359375,0.75,75.33999633789062,74.5,74.8499984741211,15811300,0.010024811288745106
2015-02-11,76.28033447265625,1.3199996948242188,76.75,75.02999877929688,75.08999633789062,20877400,0.01740320330493006
2015-02-12,76.00118255615234,-0.279998779296875,76.87000274658203,75.88999938964844,76.86000061035156,17235000,-0.0036663491276014426
2015-02-13,75.51264190673828,-0.4900054931640625,76.4800033569336,75.5,76.45999908447266,18621900,-0.006448735768227465
2015-02-17,75.37305450439453,-0.1399993896484375,76.91000366210938,75.08000183105469,75.30000305175781,25254400,-0.0018501312669592096
2015-02-18,76.47972869873047,1.1100006103515625,76.9000015258789,75.44999694824219,75.94000244140625,22426400,0.014575803034386325
2015-02-19,79.18159484863281,2.7099990844726562,79.83999633789062,76.94999694824219,76.98999786376953,45851200,0.034718136611480155
2015-02-20,79.66015625,0.48000335693359375,80.33999633789062,79.19999694824219,79.55000305175781,36931700,0.006025669221816798
2015-02-23,78.60333251953125,-1.0600051879882812,80.19000244140625,78.37999725341797,79.95999908447266,24139100,-0.013355436034959034
2015-02-24,78.21450805664062,-0.3899993896484375,79.4800033569336,78.0999984741211,78.5,18897100,-0.004958995556260781
2015-02-25,79.32117462158203,1.1100006103515625,80.19999694824219,78.5,78.5,25593800,0.014049983021050316
2015-02-26,80.16862487792969,0.850006103515625,81.37000274658203,79.72000122070312,79.87999725341797,31111900,0.01062716880359904
2015-02-27,78.73294830322266,-1.44000244140625,81.2300033569336,78.62000274658203,80.68000030517578,30739200,-0.01807054313571843
2015-03-02,79.51060485839844,0.779998779296875,79.86000061035156,78.5199966430664,79.0,21662500,0.009828692697655406
2015-03-03,79.36104583740234,-0.15000152587890625,79.69999694824219,78.5199966430664,79.61000061035156,18635000,-0.0018826679839492044
2015-03-04,80.65715026855469,1.3000030517578125,81.1500015258789,78.8499984741211,79.30000305175781,28126700,0.016199769244738427
2015-03-05,80.96621704101562,0.30999755859375,81.98999786376953,81.05000305175781,81.2300033569336,27825700,0.0038245380949977203
2015-03-06,79.76982116699219,-1.1999969482421875,81.33000183105469,79.83000183105469,80.9000015258789,24488600,-0.01488672745916464
2015-03-09,79.2015380859375,-0.5699996948242188,79.91000366210938,78.62999725341797,79.68000030517578,18925100,-0.00714960309195245
2015-03-10,77.31721496582031,-1.8899993896484375,79.26000213623047,77.55000305175781,78.5,23067100,-0.02407912149494429
2015-03-11,77.33714294433594,0.01999664306640625,78.43000030517578,77.26000213623047,77.80000305175781,20215700,0.0002578215939026407
2015-03-12,78.69306182861328,1.3600006103515625,79.05000305175781,77.91000366210938,78.0999984741211,16093300,0.017380637018139744
2015-03-13,77.81571197509766,-0.8799972534179688,79.37999725341797,77.68000030517578,78.5999984741211,18557300,-0.01121170152524531
2015-03-16,77.83563995361328,0.01999664306640625,78.12000274658203,77.36000061035156,77.95999908447266,19305400,0.00025617016172141405
2015-03-17,79.12178039550781,1.2900009155273438,79.77999877929688,78.33999633789062,78.36000061035156,22170000,0.016388614444341698
2015-03-18,80.66712951660156,1.5500030517578125,81.23999786376953,79.16999816894531,79.25,36912400,0.019343000413725164
2015-03-19,82.50160217285156,1.839996337890625,83.0,81.0,81.12000274658203,42099500,0.022486543175907592
2015-03-20,83.54844665527344,1.0500030517578125,84.5999984741211,83.06999969482422,83.38999938964844,44466300,0.01260902964802213
2015-03-23,84.17655181884766,0.6299972534179688,84.95999908447266,83.30000305175781,83.91999816894531,27357300,0.007489748390756112
2015-03-24,85.05390930175781,0.8799972534179688,86.06999969482422,84.5199966430664,84.70999908447266,32576500,0.01036886000659809
2015-03-25,82.67108917236328,-2.3899993896484375,85.5199966430664,82.91999816894531,85.5,37436100,-0.028415386817153276
2015-03-26,82.76082611083984,0.09000396728515625,83.7699966430664,82.13999938964844,82.72000122070312,32794800,0.0010848427161649354
2015-03-27,83.04994201660156,0.29000091552734375,83.94999694824219,82.87999725341797,83.37999725341797,18372600,0.0034874776069839797
2015-03-30,82.95024108886719,-0.100006103515625,84.33999633789062,82.41000366210938,83.80999755859375,24527700,-0.0012012746611631542
2015-03-31,81.97319030761719,-0.9799957275390625,83.5,82.20999908447266,82.9000015258789,19734300,-0.011848714830858142
2015-04-01,81.42483520507812,-0.5500030517578125,82.72000122070312,80.87000274658203,82.5,22058200,-0.006711881366501693
2015-04-02,81.31517028808594,-0.1100006103515625,82.55999755859375,81.44000244140625,82.25,19664100,-0.0013477991776351672
2015-04-06,82.19253540039062,0.8800048828125,82.80999755859375,80.80000305175781,80.80000305175781,19062900,0.010731869864212484
2015-04-07,82.07289123535156,-0.12000274658203125,83.41999816894531,82.22000122070312,82.6500015258789,17467000,-0.001456697817992847
2015-04-08,82.03301239013672,-0.04000091552734375,83.0999984741211,81.83999633789062,82.62999725341797,18966700,-0.00048603786981349373
2015-04-09,81.92333221435547,-0.1100006103515625,82.80000305175781,81.70999908447266,82.5,15927300,-0.0013378002894333108
2015-04-10,81.79373168945312,-0.12999725341796875,82.61000061035156,81.91000366210938,82.20999908447266,12529700,-0.0015833052956546467
2015-04-13,82.76082611083984,0.970001220703125,83.94000244140625,81.91999816894531,81.93000030517578,26883100,0.011754163837855991
2015-04-14,83.269287109375,0.5099945068359375,83.69000244140625,82.44000244140625,83.16999816894531,19634200,0.00612497573959736
2015-04-15,82.46171569824219,-0.80999755859375,83.66000366210938,82.2699966430664,83.55000305175781,22390900,-0.009745581306467521
2015-04-16,82.06291961669922,-0.40000152587890625,83.06999969482422,82.1500015258789,82.47000122070312,13769700,-0.004847925311250556
2015-04-17,80.53751373291016,-1.529998779296875,82.11000061035156,80.37000274658203,81.4800033569336,24215000,-0.018763182299625036
2015-04-20,82.840576171875,2.30999755859375,83.1500015258789,81.23999786376953,81.54000091552734,28796800,0.028194918579066197
2015-04-21,83.36898803710938,0.5300064086914062,84.48999786376953,83.54000091552734,84.0,27171900,0.006358445171532168
2015-04-22,84.37594604492188,1.0099945068359375,84.73999786376953,83.6500015258789,84.31999969482422,45548000,0.012006022453601162
2015-04-23,82.1626205444336,-2.2199935913085938,85.58999633789062,82.41000366210938,84.0999984741211,73728100,-0.02658194801504088
2015-04-24,81.2852554321289,-0.8800048828125,82.94000244140625,81.4800033569336,82.7699966430664,29660400,-0.010735797510594836
2015-04-27,81.66412353515625,0.3800048828125,82.93000030517578,81.62999725341797,81.87000274658203,25446000,0.0046500925340726695
2015-04-28,80.43781280517578,-1.2300033569335938,81.9000015258789,80.2300033569336,81.83000183105469,23775300,-0.015130411367894503
2015-04-29,80.22844696044922,-0.20999908447265625,81.38999938964844,79.5199966430664,80.01000213623047,26430300,-0.002606257540847423
2015-04-30,78.53353881835938,-1.7000045776367188,80.95999908447266,78.31999969482422,80.01000213623047,28999000,-0.021352288229381955
2015-05-01,78.75288391113281,0.220001220703125,79.76000213623047,78.11000061035156,79.23999786376953,24136400,0.0027890640336849515
2015-05-04,78.57342529296875,-0.18000030517578125,79.69000244140625,78.62999725341797,79.33000183105469,14692000,-0.002281373744835946
2015-05-05,77.32717895507812,-1.25,78.80000305175781,77.22000122070312,78.55000305175781,22311300,-0.0159880624903721
2015-05-06,77.86554718017578,0.5400009155273438,78.80999755859375,77.05000305175781,77.97000122070312,28663000,0.006938238411334119
2015-05-07,78.19456481933594,0.3300018310546875,78.94000244140625,77.55999755859375,78.0,19749400,0.00421647380749679
2015-05-08,78.27432250976562,0.0800018310546875,79.2300033569336,78.02999877929688,79.0999984741211,19943600,0.0010195213041894746
2015-05-11,77.77583312988281,-0.5,79.02999877929688,77.93000030517578,78.4800033569336,18874100,-0.0063889814355437835
2015-05-12,77.22747802734375,-0.5500030517578125,77.88999938964844,76.79000091552734,77.87000274658203,21285300,-0.007075388717030506
2015-05-13,78.20453643798828,0.9800033569335938,78.52999877929688,77.6500015258789,77.72000122070312,21512300,0.012572370185401027
2015-05-14,81.12574005126953,2.9300003051757812,81.8499984741211,78.66999816894531,78.94000244140625,49438000,0.036672656010148685
2015-05-15,80.17859649658203,-0.9500045776367188,81.5199966430664,80.18000030517578,81.41000366210938,27069900,-0.011743809762320367
2015-05-18,80.63720703125,0.45999908447265625,81.37999725341797,80.2300033569336,80.33000183105469,21613700,0.005703662053006653
2015-05-19,80.3879623413086,-0.25,81.69000244140625,80.55000305175781,81.25,17955400,-0.0030957861205767045
2015-05-20,80.30821228027344,-0.07999420166015625,81.0999984741211,79.45999908447266,80.47000122070312,23056900,-0.0009926071234236389
2015-05-21,80.23841094970703,-0.06999969482421875,80.91999816894531,80.08000183105469,80.19000244140625,13402700,-0.0008693994466559829
2015-05-22,80.29823303222656,0.05999755859375,81.30999755859375,80.25,80.3499984741211,19567900,0.000745218727840502
2015-05-26,79.09186553955078,-1.2099990844726562,80.5999984741211,79.08000183105469,80.43000030517578,16321300,-0.015137576395267693
2015-05-27,80.30821228027344,1.220001220703125,80.66000366210938,79.43000030517578,79.5999984741211,14160900,0.015261757114083174
2015-05-28,79.9094009399414,-0.40000152587890625,81.06999969482422,80.0,80.25,11982000,-0.004978249416133451
2015-05-29,78.95228576660156,-0.9599990844726562,80.06999969482422,78.87999725341797,79.94999694824219,16134600,-0.012049839041302413
2015-06-01,80.04898834228516,1.0999984741210938,80.37999725341797,78.66000366210938,79.30000305175781,18119000,0.013795032547299968
2015-06-02,80.19853210449219,0.15000152587890625,81.3499984741211,79.55999755859375,79.76000213623047,18923300,0.0018665036557505843
2015-06-03,82.19253540039062,2.0,82.52999877929688,81.25,81.3499984741211,31775000,0.02455919038149812
2015-06-04,81.80370330810547,-0.3899993896484375,82.94999694824219,81.51000213623047,82.13999938964844,20863900,-0.0047419309066194515
2015-06-05,81.89342498779297,0.089996337890625,82.45999908447266,81.51000213623047,81.87000274658203,16143100,0.0010962463678083623
2015-06-08,80.42784118652344,-1.470001220703125,82.0,80.12999725341797,81.81999969482422,16915500,-0.018058364846991637
2015-06-09,80.42784118652344,0.0,81.19000244140625,79.31999969482422,80.5999984741211,16497500,0.0
2015-06-10,81.91337585449219,1.4900054931640625,82.5999984741211,80.80999755859375,80.83000183105469,21531200,0.01830187394240479
2015-06-11,81.58435821533203,-0.3300018310546875,82.9000015258789,81.36000061035156,82.30999755859375,18656800,-0.0040246632775851054
2015-06-12,81.2852554321289,-0.3000030517578125,82.08999633789062,81.19999694824219,81.37000274658203,11417900,-0.0036729112132372066
2015-06-15,80.46772003173828,-0.8199996948242188,80.93000030517578,80.06999969482422,80.55000305175781,18805100,-0.010108563709516183
2015-06-16,80.8166732788086,0.34999847412109375,81.51000213623047,80.44999694824219,80.81999969482422,13693700,0.004327119088792131
2015-06-17,81.54448699951172,0.7300033569335938,82.22000122070312,81.33999633789062,81.76000213623047,18350300,0.008965406858862934
2015-06-18,82.66111755371094,1.1200027465820312,83.19000244140625,81.56999969482422,81.63999938964844,26782600,0.013600728357303637
2015-06-19,82.26232147216797,-0.40000152587890625,82.9800033569336,82.12000274658203,82.83000183105469,23353200,-0.004836202291004454
2015-06-22,84.48562622070312,2.2299957275390625,84.97000122070312,83.30999755859375,83.41000366210938,29383100,0.026668195982362697
2015-06-23,87.61619567871094,3.1399993896484375,87.97000122070312,84.76000213623047,84.95999908447266,50667900,0.03638449627345253
2015-06-24,88.59325408935547,0.9800033569335938,89.25,87.44999694824219,87.66000366210938,41370200,0.01108988811381817
2015-06-25,87.71589660644531,-0.8799972534179688,89.4000015258789,87.83999633789062,89.26000213623047,27302000,-0.009952550300232232
2015-06-26,87.74581146240234,0.029998779296875,88.33999633789062,86.83000183105469,88.12000274658203,38214600,0.0003409145820905124
2015-06-29,85.54244232177734,-2.2099990844726562,87.5,85.7300033569336,86.61000061035156,35957900,-0.025431426596118634
2015-06-30,85.51252746582031,-0.03000640869140625,86.69999694824219,85.56999969482422,86.5999984741211,23016500,-0.00034978619864567406
2015-07-01,86.64911651611328,1.1400070190429688,87.94999694824219,86.48999786376953,86.7699966430664,25260000,0.013203886722624958
2015-07-02,87.02796936035156,0.37999725341796875,87.44000244140625,86.33999633789062,87.4000015258789,16908800,0.00436277664943141
2015-07-06,87.28719329833984,0.26000213623046875,88.19000244140625,86.38999938964844,86.48999786376953,24635900,0.002974174353574277
2015-07-07,86.95818328857422,-0.3300018310546875,87.8499984741211,85.2300033569336,87.80000305175781,33059900,-0.0037764171788747802
2015-07-08,85.39289093017578,-1.5699996948242188,86.75,85.44999694824219,86.29000091552734,24399300,-0.018164433824888526
2015-07-09,85.62220001220703,0.2299957275390625,87.5999984741211,85.6500015258789,86.7300033569336,23307400,0.0026816984435429347
2015-07-10,87.68598937988281,2.0699996948242188,88.22000122070312,86.7699966430664,87.3499984741211,23245900,0.023817495455831228
2015-07-13,89.82952880859375,2.1500015258789062,90.22000122070312,88.41999816894531,88.66000366210938,29976700,0.02415171119411408
2015-07-14,89.41079711914062,-0.4199981689453125,90.8000030517578,89.6500015258789,90.45999908447266,26627800,-0.004672365512053744
2015-07-15,89.49055480957031,0.0800018310546875,90.98999786376952,89.41999816894531,90.0,30886600,0.0008916834068992685
2015-07-16,90.57727813720705,1.089996337890625,90.86000061035156,89.7699966430664,90.27999877929688,21804100,0.012070312472849842
2015-07-17,94.6849136352539,4.120002746582031,95.38999938964844,92.54000091552734,92.5500030517578,54001600,0.04435128706183189
2015-07-20,97.61609649658205,2.94000244140625,98.5999984741211,95.36000061035156,95.8499984741211,54860500,0.03048766166036554
2015-07-21,98.09465026855467,0.4799957275390625,99.23999786376952,97.13999938964844,98.9499969482422,39453300,0.004890439905492094
2015-07-22,96.74870300292967,-1.3499984741210938,97.58000183105467,95.91999816894533,96.73999786376952,28299500,-0.01381589260395355
2015-07-23,95.15350341796876,-1.599998474121108,97.4499969482422,94.80999755859376,96.95999908447266,29418800,-0.016625470700135203
2015-07-24,96.65897369384766,1.509994506835966,97.76000213623048,95.87999725341795,97.3499984741211,33444900,0.015697546840819143
2015-07-27,93.88731384277344,-2.779998779296875,96.61000061035156,93.83000183105467,96.58000183105467,38585400,-0.02909371013318207
2015-07-28,95.00395965576172,1.120002746582017,95.55999755859376,93.30999755859376,94.83999633789062,35236000,0.011823242890065089
2015-07-29,96.6988525390625,1.6999969482421733,97.27999877929688,94.73999786376952,96.31999969482422,64648300,0.01768297541228847
2015-07-30,94.9241943359375,-1.7799987792968608,95.80999755859376,91.8000030517578,94.91000366210938,86211300,-0.01852288969845972
2015-07-31,93.72779846191406,-1.1999969482421733,96.33000183105467,93.9499969482422,94.9499969482422,46509000,-0.012683786367828631
2015-08-03,93.85740661621094,0.12999725341795454,95.08000183105467,92.8000030517578,93.52999877929688,29343100,0.0013818471756534834
2015-08-04,93.77764129638672,-0.08000183105467329,94.7300033569336,93.33000183105467,93.79000091552734,20136000,-0.0008501789284887096
2015-08-05,96.15049743652344,2.3800048828124716,97.08999633789062,95.18000030517578,95.25,29813200,0.02498822806719403
2015-08-06,94.83446502685548,-1.3199996948241903,98.73999786376952,94.41999816894533,97.18000030517578,42271300,-0.013781797370813642
2015-08-07,94.01692962646484,-0.8199996948242472,95.4000015258789,93.61000061035156,95.37999725341795,23199100,-0.008658059255806982
2015-08-10,93.86737823486328,-0.15000152587889204,95.9000015258789,93.62999725341795,95.68000030517578,21624200,-0.0015919506915818005
2015-08-11,93.3389663696289,-0.5299987792968608,94.76000213623048,92.9000015258789,93.7300033569336,22491000,-0.005645206100573397
2015-08-12,93.90725708007812,0.5699996948241903,94.44000244140624,91.19000244140624,92.6999969482422,27050500,0.006069979545260118
2015-08-13,93.1495361328125,-0.7600021362304545,94.7300033569336,93.3499984741211,94.0500030517578,17451800,-0.008101548683518978
2015-08-14,94.13656616210938,0.9899978637695455,94.72000122070312,93.20999908447266,93.54000091552734,15929700,0.010540399654261456
2015-08-17,93.64803314208984,-0.48999786376954546,94.45999908447266,93.38999938964844,94.41999816894533,18313500,-0.005203068470089001
2015-08-18,94.88431549072266,1.2399978637695455,95.8499984741211,94.04000091552734,94.08000183105467,22278800,0.013114919589026997
2015-08-19,95.02389526367188,0.1399993896484375,96.0999984741211,94.16000366210938,94.62999725341795,23251300,0.001469964489687392
2015-08-20,90.28814697265624,-4.75,94.7699966430664,90.45999908447266,93.54000091552734,44598200,-0.05112212383822712
2015-08-21,85.80166625976562,-4.500000000000014,89.18000030517578,85.61000061035156,87.5199966430664,62778700,-0.050967888454081844
2015-08-24,81.84357452392578,-3.970001220703125,82.08999633789062,72.0,77.02999877929688,83710700,-0.047228537292532735
2015-08-25,82.75084686279297,0.910003662109375,87.66999816894531,83.0,86.94999694824219,52021200,0.011024446047331438
2015-08-26,86.92827606201172,4.19000244140625,87.45999908447266,83.26000213623047,85.94999694824219,45124300,0.0492490656441138
2015-08-27,89.46064758300781,2.5400009155273438,90.05999755859375,87.19000244140625,89.0999984741211,42431400,0.028715525280750498
2015-08-28,90.73680114746094,1.2799987792968892,91.4800033569336,89.79000091552734,89.87999725341797,33215900,0.01416421534028256
2015-08-31,89.16153717041016,-1.5800018310547017,91.0500030517578,88.88999938964844,90.5999984741211,32850700,-0.017513214291200896
2015-09-01,86.96814727783203,-2.1999969482421875,89.38999938964844,86.5,86.8499984741211,36097400,-0.024907852841712597
2015-09-02,89.62017059326172,2.6599960327148438,89.88999938964844,87.62999725341797,88.80999755859375,27190500,0.030038346866493093
2015-09-03,87.88539123535156,-1.7399978637695312,89.81999969482422,87.7300033569336,89.76000213623047,27048200,-0.01954676764141805
2015-09-04,87.99506378173828,0.1100006103515625,88.38999938964844,86.69999694824219,87.19999694824219,27328700,0.0012471018913293719
2015-09-08,89.26124572753906,1.2699966430664062,90.23999786376952,88.83000183105469,89.69000244140625,27012500,0.01428672296625777
2015-09-09,90.16851043701172,0.9100036621093608,91.9800033569336,90.16999816894533,90.77999877929688,32551100,0.010112923393036155
2015-09-10,91.70389556884766,1.540000915527358,92.05999755859376,89.62999725341797,90.06999969482422,26437400,0.01688452420358999
2015-09-11,91.773681640625,0.06999969482420454,92.08000183105467,91.12999725341795,91.68000030517578,21185000,0.0007607422242283945
2015-09-14,92.03289794921876,0.2599945068359659,92.62000274658205,91.5999984741211,92.30999755859376,20127900,0.002820510721805114
2015-09-15,92.62112426757812,0.590003967285142,93.25,91.79000091552734,92.37000274658205,18859400,0.006371210690600648
2015-09-16,93.1694793701172,0.5499954223632955,93.5999984741211,92.62999725341795,92.9000015258789,16321200,0.005902839000232696
2015-09-17,94.05680847167967,0.8899993896484233,95.51000213623048,92.9000015258789,93.37000274658205,27841800,0.009478737792924186
2015-09-18,94.11662292480467,0.06000518798828125,95.19000244140624,93.0500030517578,93.1999969482422,62300000,0.0006358502775150043
2015-09-21,95.26318359375,1.150001525878892,96.48999786376952,94.5199966430664,94.62000274658205,28790000,0.012108613309712801
2015-09-22,92.68094635009766,-2.590003967285142,94.68000030517578,91.91999816894533,93.7699966430664,36888900,-0.02748041937015344
2015-09-23,93.68791961669922,1.0100021362304688,94.31999969482422,92.8000030517578,93.4000015258789,21701400,0.010806312130337226
2015-09-24,94.12660217285156,0.44000244140625,94.7699966430664,92.23999786376952,93.05999755859376,29106000,0.00467144314852419
2015-09-25,92.49150848388672,-1.6400070190429688,95.8499984741211,92.05999755859376,95.79000091552734,28961600,-0.017523763054218655
2015-09-28,88.94220733642578,-3.55999755859375,92.29000091552734,88.18000030517578,92.08000183105467,41199900,-0.039130144816543755
2015-09-29,86.40982818603516,-2.5400009155273438,90.05999755859375,85.72000122070312,89.0999984741211,42281800,-0.028885348643572506
2015-09-30,89.63013458251953,3.2300033569335938,90.0199966430664,88.01000213623047,88.44000244140625,36169100,0.03659017643113138
2015-10-01,90.67698669433594,1.0499954223632955,90.9499969482422,88.36000061035156,90.05000305175781,29283700,0.011611912959250681
2015-10-02,91.79361724853516,1.120002746582017,92.1999969482422,88.37000274658203,88.9000015258789,37881700,0.012239282575254862
2015-10-05,93.72779846191406,1.9400024414062642,94.2699966430664,92.66000366210938,92.94000244140624,27292500,0.020852028328748773
2015-10-06,92.52143096923828,-1.2099990844726847,94.16999816894533,92.33999633789062,94.08000183105467,22172800,-0.012954509636422529
2015-10-07,92.12263488769533,-0.40000152587889204,93.66000366210938,91.37000274658205,93.11000061035156,24129300,-0.004319677515995934
2015-10-08,92.19242095947266,0.06999969482421875,93.22000122070312,90.47000122070312,91.88999938964844,27290500,0.0007572856291400143
2015-10-09,92.9601058959961,0.769996643066392,93.73999786376952,92.23999786376952,92.9000015258789,20012900,0.008292510465842007
2015-10-12,93.97705078125,1.020004272460966,94.5999984741211,92.66999816894533,93.31999969482422,18449600,0.010880152902294604
2015-10-13,93.83747100830078,-0.1399993896484375,95.37000274658205,93.5500030517578,93.66000366210938,19480300,-0.0014863511178893063
2015-10-14,93.78761291503906,-0.05000305175782671,95.1999969482422,93.61000061035156,94.08000183105467,19253400,-0.000531410301141122
2015-10-15,95.67193603515624,1.8899993896484375,96.3000030517578,94.9000015258789,94.98999786376952,27557500,0.01989224569105108
2015-10-16,97.24720001220705,1.5800018310546875,97.58999633789062,95.3499984741211,96.18000030517578,25412900,0.016331131237303786
2015-10-19,98.17440795898438,0.9300003051757812,98.56999969482422,96.91999816894533,97.18000030517578,23729900,0.009489385988332266
2015-10-20,96.70882415771484,-1.470001220703125,99.58999633789062,96.55999755859376,98.7300033569336,30881800,-0.015040967153029605
2015-10-21,96.81849670410156,0.1100006103515625,98.18000030517578,96.47000122070312,97.37000274658205,21917800,0.0011333843880363403
2015-10-22,99.3708038330078,2.559997558593764,99.7300033569336,97.5500030517578,97.79000091552734,26392100,0.02602034771677353
2015-10-23,101.88324737548828,2.520004272460909,102.8499984741211,100.16000366210938,101.91000366210938,42809700,0.02496913890677721
2015-10-26,103.45849609375,1.5799942016601705,103.80999755859376,101.5500030517578,102.1999969482422,25961200,0.015343029752465931
2015-10-27,103.38870239257812,-0.06999969482420454,104.0999984741211,102.4000015258789,102.94000244140624,23795500,-0.0006747934606705641
2015-10-28,103.88719940185548,0.5,104.4800033569336,102.91999816894533,103.9000015258789,24081500,0.004810014224998049
2015-10-29,104.5651626586914,0.6800003051757528,105.12000274658205,103.5199966430664,103.95999908447266,20316700,0.006504713235827353
2015-10-30,101.66390228271484,-2.9099960327148295,104.72000122070312,101.6500015258789,104.51000213623048,33487100,-0.028138148920257677
2015-11-02,102.9998779296875,1.3399963378906392,103.47000122070312,101.18000030517578,101.72000122070312,24003900,0.013055488882172561
2015-11-03,102.2720718383789,-0.7299957275390909,103.6500015258789,102.4000015258789,103.22000122070312,21242300,-0.007091153418366858
2015-11-04,103.62799072265624,1.3600006103515625,104.13999938964844,102.4800033569336,103.19000244140624,43469300,0.013170833257768244
2015-11-05,108.43351745605467,4.819999694824247,110.6500015258789,107.9499969482422,108.8000030517578,63232900,0.04532980633705552
2015-11-06,106.77849578857422,-1.6600036621093892,108.73999786376952,105.91000366210938,108.04000091552734,35084300,-0.015380676199495014
2015-11-09,106.17032623291016,-0.6100006103515767,108.25,105.86000061035156,107.0,26383500,-0.005711899239560836
2015-11-10,107.58607482910156,1.420005798339858,108.1500015258789,105.23999786376952,105.95999908447266,25031700,0.013246516345435388
2015-11-11,108.68277740478516,1.099998474121108,109.87000274658205,107.11000061035156,108.2699966430664,25057100,0.010142060424572108
2015-11-12,107.69573974609376,-0.9900054931640767,109.38999938964844,108.0,108.4800033569336,20924700,-0.009123276649132706
2015-11-13,103.63795471191406,-4.0699996948242045,108.25,103.83000183105467,107.70999908447266,30278400,-0.03840637914169953
2015-11-16,103.72769165039062,0.09000396728514204,104.16999816894533,100.47000122070312,103.31999969482422,49309200,0.0008654644341321571
2015-11-17,104.81441497802734,1.0899963378906108,106.1999969482422,104.13999938964844,104.62000274658205,26807200,0.01042220408194705
2015-11-18,107.4464874267578,2.6399993896484517,107.87999725341795,105.38999938964844,105.8000030517578,23836500,0.02480164199752455
2015-11-19,105.94102478027344,-1.5099945068359233,107.7300033569336,105.9499969482422,107.36000061035156,25520600,-0.014110354333082498
2015-11-20,106.9978485107422,1.0599975585937358,107.87000274658205,106.62000274658205,106.83999633789062,22129600,0.00992608158721442
2015-11-23,106.6289520263672,-0.37000274658201704,107.47000122070312,106.08000183105467,107.19000244140624,19897200,-0.0034536157198381545
2015-11-24,105.4225845336914,-1.2099990844726847,106.48999786376952,104.38999938964844,106.0,23577300,-0.011378176389347239
2015-11-25,105.09358215332033,-0.32999420166014204,106.5999984741211,105.0999984741211,106.33000183105467,15150800,-0.0031256875959604358
2015-11-27,105.13345336914062,0.03999328613282671,105.95999908447266,104.86000061035156,105.77999877929688,5913100,0.00037933497578190867
2015-11-30,103.92708587646484,-1.2099990844726847,106.0999984741211,103.75,105.83999633789062,20383200,-0.011540965661249736
2015-12-01,106.79845428466795,2.8800048828125284,107.1500015258789,104.5,104.83000183105467,22781900,0.027253814699948364
2015-12-02,105.75159454345705,-1.0500030517578267,107.91999816894533,105.79000091552734,107.0,24429100,-0.009850476382890605
2015-12-03,104.0666732788086,-1.6900024414062642,106.8499984741211,103.3499984741211,106.2699966430664,23236500,-0.016061190738293263
2015-12-04,105.86126708984376,1.8000030517578267,107.7300033569336,104.11000061035156,104.80999755859376,21224700,0.017097710127693233
2015-12-07,105.29297637939452,-0.5699996948242188,106.83000183105467,104.66000366210938,106.4800033569336,15474900,-0.005382700491981751
2015-12-08,106.17032623291016,0.8799972534179545,106.91000366210938,103.9499969482422,104.0,20401800,0.00829799442922674
2015-12-09,104.28600311279295,-1.8899993896484233,106.44000244140624,103.5500030517578,106.18000030517578,23517300,-0.017907526923836237
2015-12-10,105.10354614257812,0.819999694824233,106.4000015258789,104.41000366210938,105.0500030517578,17454300,0.007808817014851144
2015-12-11,101.81346130371094,-3.2999954223632812,104.33999633789062,101.91000366210938,104.1500015258789,26427700,-0.031803734789005667
2015-12-14,104.34583282470705,2.5400009155273295,104.73999786376952,101.45999908447266,102.29000091552734,24648100,0.024568416665680104
2015-12-15,104.23616027832033,-0.11000061035157671,105.8000030517578,104.27999877929688,105.3000030517578,21764300,-0.0010515808704960605
2015-12-16,106.46942901611328,2.2399978637695455,107.08999633789062,104.19000244140624,105.37000274658205,22680500,0.0211988426925096
2015-12-17,105.9011459350586,-0.5699996948242188,107.75,106.12999725341795,107.48999786376952,21675700,-0.005351871270140585
2015-12-18,103.72769165039062,-2.1800003051757812,106.58999633789062,103.97000122070312,106.08000183105467,35994200,-0.020736977106254884
2015-12-21,104.45549011230467,0.7299957275390625,105.1500015258789,103.5999984741211,104.91000366210938,16138800,0.006991989943678334
2015-12-22,105.19328308105467,0.7400054931640767,105.66000366210938,104.80999755859376,105.22000122070312,14597100,0.007038316076819484
2015-12-23,104.31591033935548,-0.8800048828125284,106.11000061035156,103.86000061035156,105.88999938964844,19599700,-0.008375464258182141
2015-12-24,104.70475006103516,0.3899993896484517,105.31999969482422,104.5,104.73999786376952,6501800,0.003720485102475024
2015-12-28,105.6120147705078,0.910003662109375,105.9800033569336,104.52999877929688,105.0199966430664,13069700,0.008627725244319429
2015-12-29,106.93801879882812,1.3300018310547017,107.73999786376952,106.25,106.41999816894533,17179900,0.012477311981831107
2015-12-30,105.9011459350586,-1.040000915527358,107.25,106.05999755859376,107.0,13115000,-0.009743386984686353
2015-12-31,104.34583282470705,-1.55999755859375,106.16999816894533,104.62000274658205,106.0,18391100,-0.014795390551872956
2016-01-04,101.91315460205078,-2.44000244140625,102.23999786376952,99.75,101.9499969482422,37912400,-0.023589670652541805
2016-01-05,102.42162322998048,0.5100021362304688,103.70999908447266,101.66999816894533,102.88999938964844,23258200,0.004976854623365057
2016-01-06,102.66090393066406,0.23999786376953125,103.7699966430664,100.9000015258789,101.12999725341795,25096200,0.002333475618179648
2016-01-07,97.62606048583984,-5.050003051757798,101.43000030517578,97.3000030517578,100.5,45172900,-0.05028689545907916
2016-01-08,97.03782653808594,-0.5899963378906534,100.5,97.02999877929688,99.87999725341795,35402300,-0.006043514813267592
2016-01-11,97.21729278564452,0.18000030517580967,98.5999984741211,95.38999938964844,97.91000366210938,29932400,0.0018476735035841685
2016-01-12,99.07170867919922,1.8600006103515625,99.95999908447266,97.5500030517578,99.0,28395400,0.01889532612838707
2016-01-13,95.15350341796876,-3.9300003051758097,100.58000183105467,95.20999908447266,100.58000183105467,33410600,-0.04035248151302806
2016-01-14,98.07471466064452,2.9300003051758097,98.87000274658205,92.4499969482422,95.8499984741211,48658600,0.030238104075402283
2016-01-15,94.6849136352539,-3.4000015258789205,96.37999725341795,93.54000091552734,93.9800033569336,46132800,-0.035174842337171164
2016-01-19,94.97404479980467,0.29000091552735796,97.41999816894533,93.91999816894533,96.52999877929688,30998300,0.0030489526895500774
2016-01-20,94.0667724609375,-0.9100036621093892,95.0,89.37000274658203,92.83000183105467,59051400,-0.009598762155954788
2016-01-21,93.87734985351562,-0.18999481201171875,95.98999786376952,92.62000274658205,94.91000366210938,30518900,-0.002015753797590669
2016-01-22,97.64599609375,3.779998779296861,98.06999969482422,95.48999786376952,96.41000366210938,30495400,0.03935956935730989
2016-01-25,96.71878814697266,-0.9300003051757528,99.4800033569336,96.93000030517578,98.72000122070312,32482000,-0.009540983207824816
2016-01-26,97.04779815673828,0.32999420166014204,97.87999725341795,95.66000366210938,97.76000213623048,26877100,0.0033958787895569387
2016-01-27,94.16647338867188,-2.8899993896484233,97.8499984741211,94.2300033569336,97.79000091552734,58699400,-0.030139405146783815
2016-01-28,108.782470703125,14.66000366210936,110.33999633789062,104.80999755859376,107.1999969482422,107475300,0.14428599162422895
2016-01-29,111.87316131591795,3.0999984741210938,112.83999633789062,108.83999633789062,108.98999786376952,62739500,0.02801555425680391
2016-02-01,114.74451446533205,2.8799972534179688,115.72000122070312,112.01000213623048,112.2699966430664,46132700,0.025342291643149828
2016-02-02,114.26596069335938,-0.4799957275390625,117.58999633789062,113.1999969482422,114.8000030517578,59778600,-0.004179333326798762
2016-02-03,112.35172271728516,-1.9199981689453267,115.33999633789062,109.75,115.2699966430664,56919300,-0.016894358205016502
2016-02-04,110.15831756591795,-2.2000045776367188,111.94000244140624,109.25,111.8000030517578,38890200,-0.019715707838125596
2016-02-05,103.75759887695312,-6.419998168945298,109.58000183105467,103.18000030517578,109.51000213623048,76894700,-0.059861253073571596
2016-02-08,99.4505615234375,-4.319999694824219,102.68000030517578,97.45999908447266,100.41000366210938,71229700,-0.04239669094738652
2016-02-09,99.24120330810548,-0.20999908447265625,102.4000015258789,96.81999969482422,97.13999938964844,62709000,-0.002107473141982119
2016-02-10,100.69680786132812,1.4599990844726562,103.25,100.23999786376952,101.5500030517578,45179400,0.014560934213268872
2016-02-11,101.60408782958984,0.910003662109375,105.11000061035156,98.87999725341795,99.5999984741211,43670600,0.008969589934082478
2016-02-12,101.70378112792967,0.09999847412110796,104.23999786376952,101.08999633789062,103.73999786376952,36176800,0.0009807618604682489
2016-02-16,101.30498504638672,-0.40000152587892046,103.93000030517578,100.23999786376952,103.8000030517578,45687200,-0.003928907131214743
2016-02-17,104.88420104980467,3.589996337890639,105.72000122070312,100.4000015258789,102.0199966430664,44073400,0.034721309789908616
2016-02-18,103.1594009399414,-1.7299957275390767,106.0,103.02999877929688,105.8000030517578,29593500,-0.01658154387999211
2016-02-19,104.25609588623048,1.0999984741210938,105.0199966430664,102.05999755859376,102.5500030517578,32404500,0.010574973277598154
2016-02-22,106.83832550048828,2.5900039672851562,108.25,105.33999633789062,105.48999786376952,35709700,0.024466378158516378
2016-02-23,105.14342498779295,-1.7000045776367188,107.47000122070312,105.12000274658205,106.8499984741211,25319300,-0.01599135342957858
2016-02-24,106.55916595458984,1.4199981689452983,106.9499969482422,102.73999786376952,104.20999908447266,34412400,0.013374958669476023
2016-02-25,107.74559020996094,1.1900024414062642,108.06999969482422,105.61000061035156,107.11000061035156,29906300,0.011072478400678598
2016-02-26,107.5960464477539,-0.15000152587889204,109.4499969482422,107.16000366210938,108.6999969482422,26686200,-0.0013889675584799477
2016-02-29,106.59904479980467,-1.0,108.91000366210938,106.75,107.5999984741211,32779000,-0.009309320787469488
2016-03-01,109.49034118652344,2.900001525878892,109.81999969482422,107.5999984741211,107.83000183105467,26817300,0.02676178492660064
2016-03-02,109.61994171142578,0.12999725341798296,110.5500030517578,108.7699966430664,109.68000030517578,25670200,0.0011830301730464399
2016-03-03,109.25106811523438,-0.3699951171875284,110.3000030517578,108.54000091552734,110.25,21353100,-0.003370796424878364
2016-03-04,108.06462860107422,-1.1900024414062358,110.0500030517578,107.93000030517578,110.0500030517578,24938900,-0.010919064623432284
2016-03-07,105.41261291503906,-2.6599960327148438,108.06999969482422,104.72000122070312,108.06999969482422,31436400,-0.024847121702097574
2016-03-08,105.6120147705078,0.1999969482421875,107.37000274658205,104.4000015258789,104.77999877929688,25617000,0.0018897949948319948
2016-03-09,107.1872787475586,1.5800018310547017,107.51000213623048,105.48999786376952,106.6999969482422,20493300,0.014805384877876193
2016-03-10,106.9978485107422,-0.1900024414062642,108.66000366210938,105.7699966430664,107.91000366210938,24854300,-0.0017688636533828017
2016-03-11,109.08157348632812,2.0900039672851562,109.41999816894533,107.91999816894533,108.4800033569336,20697600,0.019287304246312864
2016-03-14,109.56012725830078,0.4799957275390625,110.33000183105467,108.7699966430664,109.27999877929688,17249400,0.0043775329444972755
2016-03-15,110.33778381347656,0.7799987792968892,110.83000183105467,108.83999633789062,109.11000061035156,17618500,0.007072923826889621
2016-03-16,111.84325408935548,1.5100021362304545,112.5,110.0999984741211,110.48999786376952,24744800,0.013551943069085581
2016-03-17,110.68673706054688,-1.160003662109375,112.69000244140624,110.7300033569336,112.1500015258789,24241200,-0.010394391775784939
2016-03-18,111.11544036865234,0.43000030517579546,112.41999816894533,110.2699966430664,111.55999755859376,36256900,0.00386569742475551
2016-03-21,111.51424407958984,0.40000152587889204,112.37000274658205,111.02999877929688,111.66000366210938,18448000,0.0035826418443756225
2016-03-22,111.9130401611328,0.40000152587890625,112.87999725341795,111.16999816894533,111.36000061035156,19001100,0.003569852328414669
2016-03-23,112.2021713256836,0.29000091552734375,113.19000244140624,112.0,112.01000213623048,18562000,0.0025801955178978986
2016-03-24,112.7106475830078,0.5100021362304545,113.08999633789062,111.68000030517578,112.12999725341795,17839100,0.0045215035784780255
2016-03-28,113.34872436523438,0.6399993896484375,114.58999633789062,112.9499969482422,113.31999969482422,21351800,0.005645241896514719
2016-03-29,115.79136657714844,2.4499969482422017,116.31999969482422,113.63999938964844,113.83000183105467,29825300,0.021320887073340344
2016-03-30,114.3556900024414,-1.4400024414062358,116.98999786376952,114.36000061035156,116.7300033569336,33235200,-0.01247635715970219
2016-03-31,113.75749206542967,-0.599998474121108,115.01000213623048,113.7699966430664,114.6999969482422,21207500,-0.005244754034034571
2016-04-01,115.71160125732422,1.9599990844726705,116.16999816894533,113.3499984741211,113.75,24760500,0.017032034231879045
2016-04-04,112.21215057373048,-3.509994506835966,114.5500030517578,111.61000061035156,114.06999969482422,48487900,-0.030709683259311227
2016-04-05,111.88313293457033,-0.3300018310546733,113.31999969482422,111.9000015258789,112.11000061035156,22962400,-0.002936353266831837
2016-04-06,113.36865997314452,1.4899978637695312,113.80999755859376,112.41999816894533,112.47000122070312,20814600,0.013190098384614046
2016-04-07,113.2988739013672,-0.06999969482421875,114.88999938964844,113.06999969482422,113.79000091552734,20714500,-0.0006157879701422786
2016-04-08,110.29790496826172,-3.010002136230483,114.33000183105467,109.9000015258789,114.25,48497800,-0.026844276394984767
2016-04-11,108.6628189086914,-1.6399993896484375,110.91000366210938,108.7699966430664,110.6999969482422,39762300,-0.014935159919104102
2016-04-12,110.27796936035156,1.6200027465820455,111.16000366210938,108.98999786376952,109.33999633789062,26248100,0.014754391131236666
2016-04-13,110.17827606201172,-0.09999847412107954,112.6500015258789,106.5199966430664,112.2300033569336,88227400,-0.0009044725008697796
2016-04-14,110.50727081298828,0.32999420166014204,112.04000091552734,110.26000213623048,110.62000274658205,28473300,0.0029816530238324646
2016-04-15,109.31087493896484,-1.1999969482421875,110.97000122070312,109.1999969482422,110.79000091552734,20922800,-0.010885421087460934
2016-04-18,110.11844635009766,0.8099975585937642,110.80999755859376,109.1999969482422,109.73999786376952,21167200,0.007360636368190399
2016-04-19,111.95291900634766,1.840003967285142,112.4499969482422,109.16000366210938,111.0999984741211,30210500,0.01652191650178203
2016-04-20,112.08253479003906,0.12999725341798296,113.2699966430664,111.55999755859376,112.43000030517578,21027900,0.0011570225486172703
2016-04-21,113.09947204589844,1.020004272460909,114.04000091552734,112.30999755859376,112.5500030517578,20875200,0.009032243019076347
2016-04-22,110.22811126708984,-2.8800048828124716,111.75,109.01000213623048,111.20999908447266,38458200,-0.025715746368205394
2016-04-25,109.76949310302734,-0.45999908447267046,110.66999816894533,109.06999969482422,109.87000274658205,21017900,-0.004169308067568878
2016-04-26,108.43351745605467,-1.3399963378906108,110.5,108.1500015258789,110.48999786376952,22521500,-0.01224539046364459
2016-04-27,108.56312561035156,0.12999725341795454,108.94000244140624,106.30999755859376,107.94000244140624,52213100,0.0011945533467949687
2016-04-28,116.3795928955078,7.840003967285156,120.79000091552734,116.2300033569336,119.58000183105467,87110100,0.0695254116699191
2016-04-29,117.22704315185548,0.8499984741210795,117.83999633789062,115.83999633789062,116.81999969482422,37140600,0.007255364124273633
2016-05-02,118.21407318115234,0.9899978637695455,118.7300033569336,116.56999969482422,117.83000183105467,28095200,0.008384532349226426
2016-05-03,117.0774917602539,-1.1399993896484375,118.16000366210938,117.0199966430664,117.5199966430664,24117500,-0.009661086920397466
2016-05-04,117.70559692382812,0.629997253417983,118.3000030517578,116.56999969482422,116.61000061035156,23448400,0.005350535157395697
2016-05-05,117.45635223388672,-0.25,118.9800033569336,117.25,118.04000091552734,22056700,-0.0021198125983987737
2016-05-06,119.1313018798828,1.6800003051757528,119.63999938964844,117.11000061035156,117.16000366210938,26395600,0.01415953144898463
2016-05-09,118.8820571899414,-0.25,120.27999877929688,118.9000015258789,119.54000091552734,21138100,-0.002094417089274714
2016-05-10,120.13827514648438,1.260002136230483,120.5,119.0,119.62000274658205,23220000,0.010511502036223419
2016-05-11,119.16120910644533,-0.9800033569335938,121.08000183105467,119.41999816894533,120.41000366210938,22038400,-0.008166059632996436
2016-05-12,119.91893768310548,0.7600021362304688,120.83999633789062,118.9000015258789,119.9800033569336,22035500,0.006338654673769817
2016-05-13,119.45034790039062,-0.4700012207031108,120.63999938964844,119.68000030517578,120.37999725341795,18124300,-0.003915213696991771
2016-05-16,118.3137664794922,-1.1399993896484375,119.61000061035156,117.3499984741211,119.37999725341795,31247800,-0.009560618027245837
2016-05-17,116.99773406982422,-1.319999694824233,119.01000213623048,117.1999969482422,118.81999969482422,21328600,-0.011185606953015181
2016-05-18,117.29684448242188,0.3000030517578125,118.2699966430664,116.7300033569336,116.8000030517578,21642300,0.002553218848787786
2016-05-19,116.4593505859375,-0.840003967285142,117.48999786376952,115.87999725341795,117.0500030517578,20544100,-0.0071654658760733625
2016-05-20,116.99773406982422,0.5400009155273295,117.98999786376952,116.9499969482422,116.95999908447266,18944800,0.0046122470272855765
2016-05-23,115.62187957763672,-1.3799972534179688,117.5999984741211,115.94000244140624,117.41999816894533,20441000,-0.011829361799593485
2016-05-24,117.3466796875,1.7299957275390767,117.7300033569336,116.12000274658205,116.23999786376952,20183600,0.014807440843320308
2016-05-25,117.5361099243164,0.1900024414062358,118.66999816894533,117.37999725341795,118.12999725341795,20019800,0.0016129927887824635
2016-05-26,119.11136627197266,1.5800018310546875,119.76000213623048,117.91999816894533,118.23999786376952,18481300,0.013313322920047277
2016-05-27,119.02164459228516,-0.09000396728517046,119.8499984741211,119.01000213623048,119.55999755859376,13493600,-0.0007536443133364656
2016-05-31,118.45335388183594,-0.5699996948241903,120.0999984741211,118.12000274658205,119.45999908447266,23547600,-0.004786101812082499
2016-06-01,118.4234390258789,-0.02999877929688921,119.08000183105467,117.81999969482422,118.5,15029500,-0.00025252561066224644
2016-06-02,118.57299041748048,0.15000152587890625,119.44000244140624,118.22000122070312,118.69000244140624,13228300,0.0012620549944601933
2016-06-03,118.11437225341795,-0.45999908447265625,118.9800033569336,117.86000061035156,118.9800033569336,14135100,-0.0038753130345972053
2016-06-06,118.43341064453124,0.31999969482421875,119.43000030517578,118.36000061035156,118.62000274658205,12744700,0.002697461737987794
2016-06-07,117.40650177001952,-1.0299987792968608,119.3000030517578,117.66999816894533,119.23999786376952,17103000,-0.00870856288744637
2016-06-08,118.03460693359376,0.6299972534179545,118.5999984741211,117.2699966430664,117.76000213623048,14505600,0.0053355811470030545
2016-06-09,118.20409393310548,0.1699981689453267,118.68000030517578,117.70999908447266,118.12999725341795,13859200,0.0014348866875062427
2016-06-10,116.2699203491211,-1.9399948120117188,118.11000061035156,116.26000213623048,117.54000091552734,18510800,-0.016498331610057093
2016-06-13,113.60794067382812,-2.6700057983398438,115.4800033569336,113.30999755859376,115.0,31718200,-0.023161080435420978
2016-06-14,114.594970703125,0.9900054931640341,114.9499969482422,113.58000183105467,114.06999969482422,17618500,0.00865054541015553
2016-06-15,114.25598907470705,-0.34000396728514204,115.44000244140624,114.06999969482422,115.3000030517578,19819400,-0.002962483354481904
2016-06-16,114.04661560058594,-0.20999908447265625,114.5,112.94000244140624,113.87000274658205,19236300,-0.001834133763940038
2016-06-17,112.68073272705078,-1.3700027465820312,114.43000030517578,112.55999755859376,114.41999816894533,24644300,-0.01204889270229792
2016-06-20,113.0296859741211,0.3500061035156392,114.72000122070312,112.75,113.7699966430664,20785400,0.0030920657566397836
2016-06-21,114.03665161132812,1.009994506835909,115.20999908447266,113.97000122070312,114.12000274658205,19166300,0.00886938421817085
2016-06-22,113.56806182861328,-0.46999359130857954,114.73999786376952,113.61000061035156,114.6500015258789,14846300,-0.004117519413418869
2016-06-23,114.73455047607422,1.1699981689452983,115.08999633789062,113.54000091552734,114.37000274658205,16176900,0.010218859533524416
2016-06-24,111.74356079101562,-3.0,113.68000030517578,111.0,111.01000213623048,40643100,-0.026414636228707877
2016-06-27,108.64289093017578,-3.1100006103515483,111.56999969482422,108.2300033569336,111.56999969482422,36130400,-0.028140292174795967
2016-06-28,112.36168670654295,3.7299957275390767,112.75,110.5500030517578,110.62999725341795,26813800,0.03365676777614546
2016-06-29,113.81731414794922,1.4600067138671733,114.25,113.04000091552734,113.37000274658205,20968300,0.012871611280189654
2016-06-30,113.93695068359376,0.1199951171875,115.18000030517578,113.66999816894533,114.66999816894533,23192700,0.0010505614335620805
2016-07-01,113.8472137451172,-0.08999633789063921,115.12999725341795,113.80999755859376,114.1999969482422,14980000,-0.0007878175871187665
2016-07-05,113.85718536376952,0.009994506835965922,114.1999969482422,112.97000122070312,113.94000244140624,14207000,8.752140521917084e-05
2016-07-06,116.34967803955078,2.5,116.79000091552734,112.97000122070312,113.36000061035156,24337600,0.02165524264307095
2016-07-07,115.50223541259766,-0.849998474121108,116.97000122070312,115.36000061035156,116.62999725341795,16630200,-0.007310275434832647
2016-07-08,116.8880615234375,1.3899993896484233,117.5,115.8499984741211,116.43000030517578,18142600,0.011926859914463073
2016-07-11,117.51617431640624,0.6300048828125284,118.6999969482422,117.5,117.70999908447266,17711600,0.005359247918580223
2016-07-12,117.57599639892578,0.05999755859373579,118.72000122070312,117.56999969482422,118.62999725341795,15217700,0.0005088851493812996
2016-07-13,116.429443359375,-1.1500015258789062,118.4000015258789,116.68000030517578,118.38999938964844,16207700,-0.009799418287273376
2016-07-14,116.93791198730467,0.5100021362304688,117.63999938964844,116.6999969482422,117.5,14579700,0.004357695936710648
2016-07-15,116.50920104980467,-0.43000030517578125,118.27999877929688,116.58000183105467,117.73999786376952,16646000,-0.0036728659898663807
2016-07-18,119.0116729736328,2.510002136230483,119.61000061035156,116.88999938964844,117.31999969482422,20868400,0.021251293766707313
2016-07-19,120.2479476928711,1.239997863769517,120.8499984741211,118.66000366210938,118.98999786376952,21541300,0.01033426853976227
2016-07-20,121.55401611328124,1.3099975585937642,122.1999969482422,120.55999755859376,121.25,20046500,0.01080287226415333
2016-07-21,120.2479476928711,-1.3099975585937642,122.0999984741211,120.25,121.91999816894533,17801700,-0.01080287226415333
2016-07-22,120.63677215576172,0.3899993896484375,121.01000213623048,119.30999755859376,119.9000015258789,18422400,0.0032283409410513997
2016-07-25,121.26488494873048,0.6299972534179545,121.8499984741211,117.77999877929688,121.38999938964844,18487400,0.005193081452151027
2016-07-26,120.85611724853516,-0.40999603271482954,122.06999969482422,120.75,122.0,17612000,-0.003376540455607646
2016-07-27,122.9697494506836,2.1199951171875,125.0,121.51000213623048,122.41999816894533,52654200,0.017337653278887366
2016-07-28,124.62477111816406,1.660003662109375,128.3300018310547,123.62999725341795,127.5199966430664,78955800,0.013368997430129426
2016-07-29,123.56795501708984,-1.0599975585937642,125.83999633789062,123.70999908447266,124.6500015258789,35058800,-0.008516140070049083
2016-08-01,123.93683624267578,0.3699951171875284,124.58000183105467,122.86000061035156,123.8499984741211,25006900,0.0029808289317108105
2016-08-02,122.72049713134766,-1.2200012207031392,124.8000030517578,122.06999969482422,124.05999755859376,23968400,-0.009862660793237055
2016-08-03,122.14225006103516,-0.579994201660142,123.91999816894533,122.30999755859376,123.08999633789062,18525300,-0.004723088627454075
2016-08-04,123.98668670654295,1.8499984741210795,124.79000091552734,122.51000213623048,122.94000244140624,21066000,0.014987913355222204
2016-08-05,124.77433013916016,0.7900009155273438,125.83999633789062,124.62000274658205,124.9800033569336,20184000,0.0063324399716888635
2016-08-08,124.8839874267578,0.11000061035157671,125.4499969482422,124.5500030517578,125.25,15233900,0.0008785640814545914
2016-08-09,124.68458557128906,-0.20000457763671875,126.08999633789062,124.52999877929688,125.33999633789062,19621000,-0.0015979915343651285
2016-08-10,124.505126953125,-0.18000030517580967,125.4800033569336,124.54000091552734,125.06999969482422,10670100,-0.0014403484038663095
2016-08-11,124.52507019042967,0.02000427246095171,125.37999725341795,124.75,125.1999969482422,11729500,0.0001601751349307179
2016-08-12,124.505126953125,-0.02000427246095171,125.0,124.18000030517578,124.6999969482422,12159000,-0.0001601751349307179
2016-08-15,123.528076171875,-0.9799957275390483,124.91999816894533,123.6999969482422,124.91000366210938,19295100,-0.007878453262902596
2016-08-16,122.92987060546876,-0.599998474121108,123.91999816894533,122.77999877929688,123.5,14222400,-0.004854366029533708
2016-08-17,123.99666595458984,1.0699996948242472,124.37999725341795,122.8499984741211,123.66000366210938,13794200,0.008640580828639166
2016-08-18,123.53804779052734,-0.45999908447267046,124.26000213623048,123.63999938964844,124.01000213623048,12400800,-0.0037054905666167315
2016-08-19,123.1890869140625,-0.3500061035156108,124.16000366210938,123.27999877929688,123.5999984741211,11688300,-0.0028286768914833615
2016-08-22,123.7773208618164,0.590003967285142,124.83000183105467,123.11000061035156,123.33000183105467,14386400,0.004763675953274316
2016-08-23,123.99666595458984,0.2200012207031392,125.08999633789062,124.25,124.51000213623048,13309500,0.0017704915048257774
2016-08-24,123.10933685302734,-0.8899993896484517,124.69000244140624,123.08999633789062,124.47000122070312,12243700,-0.007181788929599975
2016-08-25,123.51809692382812,0.40999603271484375,124.37000274658205,123.0999984741211,123.12000274658205,10730800,0.003314843381077459
2016-08-26,124.58488464355467,1.0699996948242188,125.19000244140624,123.91000366210938,124.0500030517578,17504800,0.00859960856372588
2016-08-29,126.16014862060548,1.5800018310546875,126.7300033569336,124.3499984741211,124.3499984741211,15925900,0.012564792189007967
2016-08-30,125.46224212646484,-0.7000045776367188,126.5999984741211,125.1500015258789,126.5999984741211,17804300,-0.005547241305112749
2016-08-31,125.74140167236328,0.28000640869142046,126.22000122070312,125.0999984741211,125.5999984741211,14200600,0.002222626805681749
2016-09-01,125.79125213623048,0.04999542236328125,126.62999725341795,125.5999984741211,126.37999725341795,13536100,0.0003963329726603959
2016-09-02,126.13024139404295,0.34000396728515625,126.86000061035156,126.0,126.8499984741211,12118800,0.002691183885390913
2016-09-06,129.34056091308594,3.2199935913085795,129.94000244140625,126.47000122070312,126.66999816894533,26278400,0.025133961336995192
2016-09-07,130.6566162109375,1.32000732421875,131.97999572753906,129.9499969482422,130.0399932861328,27990800,0.010123618406952417
2016-09-08,129.8789520263672,-0.779998779296875,131.0800018310547,129.80999755859375,130.9199981689453,15676600,-0.005969700549949053
2016-09-09,126.7184600830078,-3.1700057983398438,129.9499969482422,127.0999984741211,129.7100067138672,27100700,-0.02463508631637268
2016-09-12,128.30369567871094,1.5900039672851562,128.75999450683594,125.75,125.95999908447266,21252800,0.01243226428672628
2016-09-13,126.82813262939452,-1.4800033569335938,128.35000610351562,126.66000366210938,128.02999877929688,18016200,-0.011567173505649286
2016-09-14,127.3864517211914,0.55999755859375,128.8000030517578,126.88999938964844,126.88999938964844,15691100,0.004392489358834517
2016-09-15,127.9647216796875,0.5800094604492188,129.10000610351562,127.66999816894533,127.9800033569336,15077200,0.0045292085408563665
2016-09-16,128.68255615234375,0.720001220703125,129.17999267578125,128.1999969482422,128.1999969482422,24119200,0.00559399472235711
2016-09-19,128.2637939453125,-0.420013427734375,129.94000244140625,128.25999450683594,129.91000366210938,14958800,-0.0032594583082348194
2016-09-20,128.25384521484375,-0.0099945068359375,129.1699981689453,128.02999877929688,128.64999389648438,11083800,-7.76905989487986e-05
2016-09-21,129.54994201660156,1.3000030517578125,130.00999450683594,128.38999938964844,129.1300048828125,14068300,0.010055023555096021
2016-09-22,129.68951416015625,0.1399993896484375,130.72999572753906,129.55999755859375,130.5,15538300,0.0010768356347696795
2016-09-23,127.5758819580078,-2.1200027465820312,128.60000610351562,127.3000030517578,127.55999755859376,28326300,-0.016431951949349433
2016-09-26,126.9278335571289,-0.650001525878892,128.16000366210938,126.8000030517578,127.37000274658205,15064900,-0.005092670029831936
2016-09-27,128.30369567871094,1.3800048828124858,129.00999450683594,127.43000030517578,127.61000061035156,15637100,0.01078139258010058
2016-09-28,128.84207153320312,0.5399932861328125,129.47000122070312,128.39999389648438,129.2100067138672,12047600,0.004187298999400291
2016-09-29,127.70549011230467,-1.1399993896484375,129.2899932861328,127.5500030517578,129.17999267578125,14532200,-0.008860616223276274
2016-09-30,127.88495635986328,0.1800079345703125,128.58999633789062,127.4499969482422,128.02999877929688,18402900,0.0014043373671830395
2016-10-03,128.38345336914062,0.5,129.08999633789062,127.8000030517578,128.3800048828125,13156900,0.0038904498446008517
2016-10-04,127.80519104003906,-0.5800018310546875,129.27999877929688,127.5500030517578,129.1699981689453,14307500,-0.004514343095441298
2016-10-05,128.08436584472656,0.279998779296875,128.8000030517578,127.83000183105467,128.25,12386800,0.002181866176112379
2016-10-06,128.35354614257812,0.2700042724609375,129.05999755859375,128.0800018310547,128.42999267578125,11682700,0.0020994857477631967
2016-10-07,128.60279846191406,0.25,129.25,128.3300018310547,129.0399932861328,12804400,0.0019400152698771933
2016-10-10,129.8490447998047,1.25,130.6999969482422,129.1999969482422,129.67999267578125,15138700,0.00964401986845953
2016-10-11,128.4931182861328,-1.3600006103515625,130.63999938964844,128.22999572753906,130.22999572753906,17537900,-0.01049716767625064
2016-10-12,128.66259765625,0.1699981689453125,129.66000366210938,128.4600067138672,129.00999450683594,11073000,0.0013181730572728867
2016-10-13,127.4363021850586,-1.2300033569335938,128.25,126.75,128.2100067138672,17139300,-0.009576927977901661
2016-10-14,127.49612426757812,0.05999755859373579,128.9499969482422,127.58000183105467,128.49000549316406,13345300,0.0004692808792405856
2016-10-17,127.15714263916016,-0.3399963378906108,128.47000122070312,127.31999969482422,128.1999969482422,11351700,-0.002662254648353013
2016-10-18,128.18405151367188,1.0300064086914062,129.38999938964844,128.00999450683594,128.67999267578125,13504000,0.0080435119974549
2016-10-19,129.71942138671875,1.5399932861328125,130.47000122070312,128.60000610351562,128.74000549316406,16752300,0.01190669114349241
2016-10-20,129.60975646972656,-0.1100006103515625,130.66000366210938,129.5,130.07000732421875,13167500,-0.0008458007508451715
2016-10-21,131.67355346679688,2.07000732421875,132.1300048828125,129.6999969482422,129.77999877929688,19088800,0.015797690057225644
2016-10-24,132.87989807128906,1.209991455078125,133.41000366210938,132.14999389648438,132.72000122070312,17470200,0.009120028746787412
2016-10-25,131.89288330078125,-0.9900054931640625,133.5,132.22000122070312,133.5,13336800,-0.007455737536439244
2016-10-26,130.64663696289062,-1.25,132.25999450683594,130.94000244140625,131.63999938964844,13084700,-0.00949386285364806
2016-10-27,129.30068969726562,-1.3499908447265625,131.8000030517578,129.27000427246094,131.74000549316406,16741400,-0.01035556269691984
2016-10-28,130.89588928222656,1.5999908447265625,132.97000122070312,129.92999267578125,130.5,24545500,0.012261559635740937
2016-10-31,130.59678649902344,-0.29998779296875,132.1199951171875,130.8800048828125,132.00999450683594,15669000,-0.002287539463020849
2016-11-01,129.1112518310547,-1.4900054931640625,131.94000244140625,128.64999389648438,131.41000366210938,22077800,-0.011440145205715346
2016-11-02,126.78825378417967,-2.3300018310546733,130.22999572753906,126.27999877929688,130.22999572753906,39640900,-0.018156121505417566
2016-11-03,119.63977813720705,-7.169998168945327,123.27999877929688,119.5,122.0,63766300,-0.05803301685212947
2016-11-04,120.38753509521484,0.75,121.93000030517578,119.25,119.58999633789062,30545500,0.006230549750636527
2016-11-07,121.78333282470705,1.4000015258789062,123.20999908447266,121.3499984741211,122.83000183105467,23008900,0.0115275176629126
2016-11-08,123.84711456298828,2.0699996948242188,124.61000061035156,121.54000091552734,122.02999877929688,19460800,0.01680438676250695
2016-11-09,122.81023406982422,-1.0400009155273438,123.80999755859376,120.51000213623048,121.5,31916000,-0.008407494221726708
2016-11-10,120.4373779296875,-2.379997253417983,124.18000030517578,115.2699966430664,123.93000030517578,67846700,-0.01951039197276483
2016-11-11,118.6627197265625,-1.780006408691392,120.6999969482422,118.1500015258789,119.52999877929688,32840100,-0.01484479275169015
2016-11-14,114.73455047607422,-3.939994812011733,119.12999725341795,113.5500030517578,119.12999725341795,51377000,-0.03366396341742739
2016-11-15,116.84818267822266,2.1199951171875284,118.48999786376952,115.83000183105467,116.7300033569336,34681400,0.01825429650952959
2016-11-16,115.99076080322266,-0.8600006103515767,117.87999725341795,114.20999908447266,114.4800033569336,32397900,-0.007364944099053972
2016-11-17,117.43640899658205,1.4500045776367188,117.79000091552734,116.01000213623048,116.80999755859376,18597800,0.012386478738263484
2016-11-18,116.66871643066406,-0.7700042724609375,119.12999725341795,116.83999633789062,118.38999938964844,22879300,-0.006558554069978406
2016-11-21,121.40445709228516,4.75,121.9499969482422,117.8000030517578,118.1999969482422,35415400,0.03978916027784063
2016-11-22,121.1053695678711,-0.29999542236328125,122.9800033569336,120.9000015258789,122.4000015258789,26089200,-0.0024666631894945112
2016-11-23,120.4772491455078,-0.6300048828125,121.30999755859376,119.94000244140624,121.2300033569336,15672100,-0.005200002548568783
2016-11-25,120.01863861083984,-0.45999908447267046,121.13999938964844,120.06999969482422,121.01000213623048,8658600,-0.003813942909340007
2016-11-28,120.04855346679688,0.03000640869142046,121.69000244140624,119.81999969482422,120.12000274658205,18101300,0.0002492330141015131
2016-11-29,120.50717163085938,0.45999908447267046,122.0999984741211,120.4000015258789,120.56999969482422,18891000,0.003812994277011761
