Date,adj close_meta,close_meta,high_meta,low_meta,open_meta,volume_meta
2014-08-01,72.14279174804688,72.36000061035156,73.22000122070312,71.55000305175781,72.22000122070312,43535000
2014-08-04,73.28933715820312,73.51000213623047,73.87999725341797,72.36000061035156,72.36000061035156,30777000
2014-08-05,72.47179412841797,72.69000244140625,73.58999633789062,72.18000030517578,73.19999694824219,34986000
2014-08-06,72.25245666503906,72.47000122070312,73.72000122070312,71.79000091552734,72.0199966430664,30986000
2014-08-07,72.95034790039062,73.16999816894531,74.0,72.69999694824219,73.0,38141000
2014-08-08,72.84068298339844,73.05999755859375,73.43000030517578,72.55999755859375,73.4000015258789,27202000
2014-08-11,73.21954345703125,73.44000244140625,73.91000366210938,73.05999755859375,73.45999908447266,24591000
2014-08-12,72.61138153076172,72.83000183105469,73.33000183105469,72.22000122070312,73.08999633789062,27419000
2014-08-13,73.54855346679688,73.7699966430664,74.25,73.05000305175781,73.12000274658203,29266000
2014-08-14,74.07696533203125,74.30000305175781,74.37999725341797,73.69000244140625,73.97000122070312,22207000
2014-08-15,73.40897369384766,73.62999725341797,74.6500015258789,73.0,74.31999969482422,38846600
2014-08-18,74.3660888671875,74.58999633789062,74.72000122070312,73.95999908447266,74.0,23974000
2014-08-19,75.06399536132812,75.29000091552734,75.58000183105469,74.51000213623047,74.80999755859375,26679000
2014-08-20,74.5854263305664,74.80999755859375,75.18000030517578,74.62000274658203,74.97000122070312,22917000
2014-08-21,74.34616088867188,74.56999969482422,75.19000244140625,74.41000366210938,74.91999816894531,20102000
2014-08-22,74.34616088867188,74.56999969482422,74.7300033569336,73.56999969482422,74.33999633789062,20897000
2014-08-25,74.79479217529297,75.0199966430664,75.27999877929688,74.79000091552734,74.94000244140625,19734000
2014-08-26,75.73197937011719,75.95999908447266,75.98999786376953,74.7300033569336,75.0,23993000
2014-08-27,74.40596771240234,74.62999725341797,75.48999786376953,74.45999908447266,75.2699966430664,36323000
2014-08-28,73.6382827758789,73.86000061035156,74.43000030517578,73.7300033569336,74.0,21947000
2014-08-29,74.59539794921875,74.81999969482422,74.81999969482422,74.01000213623047,74.30000305175781,26241000
2014-09-02,76.44982147216797,76.68000030517578,76.69999694824219,74.81999969482422,75.01000213623047,34979000
2014-09-03,75.60237121582031,75.83000183105469,77.4800033569336,75.5999984741211,77.13999938964844,32389000
2014-09-04,75.72200012207031,75.94999694824219,76.93000030517578,75.52999877929688,75.88999938964844,26676000
2014-09-05,77.02808380126953,77.26000213623047,77.37999725341797,75.5999984741211,76.0999984741211,29476000
2014-09-08,77.65618133544922,77.88999938964844,78.16999816894531,77.01000213623047,77.26000213623047,28183000
2014-09-09,76.43984985351562,76.66999816894531,78.16999816894531,76.19999694824219,77.58999633789062,28882000
2014-09-10,77.19756317138672,77.43000030517578,77.94999694824219,76.51000213623047,76.5199966430664,29909000
2014-09-11,77.68608856201172,77.91999816894531,78.36000061035156,77.05000305175781,77.12999725341797,32219000
2014-09-12,77.24742126464844,77.4800033569336,78.30000305175781,77.0999984741211,78.0199966430664,26676800
2014-09-15,74.35611724853516,74.58000183105469,77.25,73.43000030517578,77.1500015258789,49679000
2014-09-16,75.85161590576172,76.08000183105469,76.2300033569336,73.06999969482422,73.5199966430664,37742000
2014-09-17,76.20056915283203,76.43000030517578,77.25,75.56999969482422,75.95999908447266,28693000
2014-09-18,76.76885986328125,77.0,77.33000183105469,76.5199966430664,76.7699966430664,23031000
2014-09-19,77.67613220214844,77.91000366210938,78.30000305175781,76.44000244140625,77.4000015258789,76671000
2014-09-22,76.56946563720703,76.80000305175781,77.52999877929688,75.94999694824219,77.0,31961000
2014-09-23,78.05498504638672,78.29000091552734,78.62999725341797,76.04000091552734,76.33000183105469,36814000
2014-09-24,78.30423736572266,78.54000091552734,78.62000274658203,77.51000213623047,78.0999984741211,30680000
2014-09-25,76.98819732666016,77.22000122070312,78.94000244140625,77.12999725341797,78.5999984741211,37533000
2014-09-26,78.55348205566406,78.79000091552734,78.83999633789062,77.33000183105469,77.58999633789062,28872000
2014-09-29,78.76285552978516,79.0,79.19999694824219,77.91000366210938,78.12000274658203,34031000
2014-09-30,78.802734375,79.04000091552734,79.70999908447266,78.5999984741211,79.3499984741211,35899000
2014-10-01,76.32020568847656,76.55000305175781,78.81999969482422,75.9000015258789,78.77999877929688,55090000
2014-10-02,76.84862518310547,77.08000183105469,77.4800033569336,75.63999938964844,76.56999969482422,36488000
2014-10-03,77.2075424194336,77.44000244140625,78.05999755859375,77.26000213623047,77.76000213623047,23340000
2014-10-06,77.3271713256836,77.55999755859375,77.88999938964844,76.8499984741211,77.19000244140625,25729000
2014-10-07,76.06098937988281,76.29000091552734,77.94999694824219,76.23999786376953,77.05000305175781,25317000
2014-10-08,77.28729248046875,77.5199966430664,77.70999908447266,75.0999984741211,76.18000030517578,32976000
2014-10-09,75.68213653564453,75.91000366210938,77.76000213623047,75.8499984741211,77.27999877929688,32487000
2014-10-10,72.6911392211914,72.91000366210938,76.5,72.76000213623047,75.58999633789062,52146000
2014-10-13,72.7708969116211,72.98999786376953,74.77999877929688,72.5199966430664,73.2300033569336,43938000
2014-10-14,73.36909484863281,73.58999633789062,74.18000030517578,72.05000305175781,74.0,50299000
2014-10-15,72.99022674560547,73.20999908447266,73.80000305175781,70.31999969482422,71.69000244140625,61528000
2014-10-16,72.41197967529297,72.62999725341797,73.3499984741211,70.58000183105469,70.79000091552734,53529000
2014-10-17,75.72200012207031,75.94999694824219,76.0,73.75,74.2300033569336,76342000
2014-10-20,76.71900177001953,76.94999694824219,77.08999633789062,75.37999725341797,75.5999984741211,34701000
2014-10-21,78.45378112792969,78.69000244140625,78.73999786376953,77.1500015258789,77.55999755859375,32252000
2014-10-22,78.13475036621094,78.37000274658203,79.8499984741211,78.01000213623047,78.81999969482422,41862000
2014-10-23,79.79972839355469,80.04000091552734,80.62999725341797,79.01000213623047,79.37999725341797,35056000
2014-10-24,80.42784118652344,80.66999816894531,80.81999969482422,79.31999969482422,80.19999694824219,32248000
2014-10-27,80.03900909423828,80.27999877929688,80.80000305175781,79.76000213623047,80.73999786376953,30169000
2014-10-28,80.52753448486328,80.7699966430664,81.16000366210938,79.56999969482422,80.18000030517578,74212000
2014-10-29,75.63227844238281,75.86000061035156,76.87999725341797,74.77999877929688,75.44999694824219,106120000
2014-10-30,73.88753509521484,74.11000061035156,75.3499984741211,72.9000015258789,75.05000305175781,83270000
2014-10-31,74.764892578125,74.98999786376953,75.69999694824219,74.44999694824219,74.93000030517578,44544000
2014-11-03,73.65821838378906,73.87999725341797,75.5199966430664,73.69999694824219,75.47000122070312,40727000
2014-11-04,75.53258514404297,75.76000213623047,75.7699966430664,73.6500015258789,74.2300033569336,39326000
2014-11-05,74.60537719726562,74.83000183105469,76.80000305175781,74.41999816894531,76.51000213623047,35913000
2014-11-06,75.0340805053711,75.26000213623047,75.5999984741211,74.30999755859375,74.88999938964844,21383000
2014-11-07,75.37306213378906,75.5999984741211,75.86000061035156,75.0199966430664,75.38999938964844,20774000
2014-11-10,74.77486419677734,75.0,75.4800033569336,74.61000061035156,75.36000061035156,21575100
2014-11-11,74.38603210449219,74.61000061035156,74.9800033569336,74.02999877929688,74.94999694824219,18715700
2014-11-12,74.4957046508789,74.72000122070312,75.13999938964844,73.54000091552734,74.27999877929688,26536600
2014-11-13,74.02711486816406,74.25,75.23999786376953,73.63999938964844,74.73999786376953,26448500
2014-11-14,74.65522003173828,74.87999725341797,74.93000030517578,74.04000091552734,74.2699966430664,19476900
2014-11-17,74.01713562011719,74.23999786376953,75.66000366210938,73.87999725341797,74.87999725341797,28701200
2014-11-18,74.11683654785156,74.33999633789062,74.80000305175781,73.9000015258789,74.44999694824219,20690500
2014-11-19,73.10987854003906,73.33000183105469,74.54000091552734,73.11000061035156,74.01000213623047,25441200
2014-11-20,73.37906646728516,73.5999984741211,73.98999786376953,72.51000213623047,72.80000305175781,19154900
2014-11-21,73.52861022949219,73.75,74.5,73.5,74.5,23060400
2014-11-24,73.78783416748047,74.01000213623047,74.3499984741211,73.3499984741211,73.54000091552734,22103800
2014-11-25,75.40296936035156,75.62999725341797,75.73999786376953,74.12999725341797,74.20999908447266,32250200
2014-11-26,77.38700103759766,77.62000274658203,77.77999877929688,75.51000213623047,75.52999877929688,32695300
2014-11-28,77.46675872802734,77.69999694824219,78.2699966430664,77.2300033569336,77.66999816894531,15992000
2014-12-01,74.87455749511719,75.0999984741211,77.30999755859375,74.80000305175781,77.26000213623047,31789900
2014-12-02,75.23347473144531,75.45999908447266,75.91000366210938,75.04000091552734,75.33000183105469,16773900
2014-12-03,74.65522003173828,74.87999725341797,75.7300033569336,74.4000015258789,75.37999725341797,16689900
2014-12-04,75.01414489746094,75.23999786376953,75.55000305175781,74.66000366210938,74.83000183105469,14362800
2014-12-05,76.13078308105469,76.36000061035156,76.76000213623047,75.36000061035156,75.80000305175781,24306400
2014-12-08,76.29029083251953,76.5199966430664,77.25,75.4000015258789,76.18000030517578,25733900
2014-12-09,76.60933685302734,76.83999633789062,76.93000030517578,74.77999877929688,75.19999694824219,25358600
2014-12-10,75.9513168334961,76.18000030517578,77.55000305175781,76.06999969482422,76.6500015258789,32210500
2014-12-11,77.49667358398438,77.7300033569336,78.5199966430664,76.4800033569336,76.5199966430664,33462100
2014-12-12,77.59636688232422,77.83000183105469,78.87999725341797,77.0199966430664,77.16000366210938,28091600
2014-12-15,76.75888061523438,76.98999786376953,78.58000183105469,76.55999755859375,78.45999908447266,29396500
2014-12-16,74.4657974243164,74.69000244140625,77.38999938964844,74.58999633789062,76.19000244140625,31554600
2014-12-17,75.88153076171875,76.11000061035156,76.41000366210938,74.9000015258789,75.01000213623047,29203900
2014-12-18,78.16465759277344,78.4000015258789,78.4000015258789,76.51000213623047,76.88999938964844,34222100
2014-12-19,79.64020538330078,79.87999725341797,80.0,78.33000183105469,78.75,43335000
2014-12-22,81.20549774169922,81.44999694824219,81.88999938964844,80.0,80.08000183105469,31395800
2014-12-23,80.3680191040039,80.61000061035156,82.16999816894531,80.4000015258789,82.0199966430664,19865800
2014-12-24,80.52753448486328,80.7699966430664,81.43000030517578,80.75,81.02999877929688,7685500
2014-12-26,80.53751373291016,80.77999877929688,81.27999877929688,80.51000213623047,81.0199966430664,10647400
2014-12-29,79.77979278564453,80.0199966430664,80.95999908447266,79.70999908447266,80.48999786376953,14134700
2014-12-30,78.9822006225586,79.22000122070312,80.58999633789062,79.0999984741211,79.8499984741211,14370800
2014-12-31,77.7857894897461,78.0199966430664,79.80000305175781,77.86000061035156,79.54000091552734,19935400
2015-01-02,78.21450805664062,78.44999694824219,78.93000030517578,77.69999694824219,78.58000183105469,18177500
2015-01-05,76.95828247070312,77.19000244140625,79.25,76.86000061035156,77.9800033569336,26452200
2015-01-06,75.9214096069336,76.1500015258789,77.58999633789062,75.36000061035156,77.2300033569336,27399300
2015-01-07,75.9214096069336,76.1500015258789,77.36000061035156,75.81999969482422,76.76000213623047,22045300
2015-01-08,77.94532012939453,78.18000030517578,78.2300033569336,76.08000183105469,76.73999786376953,23961000
2015-01-09,77.50663757324219,77.73999786376953,78.62000274658203,77.19999694824219,78.19999694824219,21157000
2015-01-12,76.48970031738281,76.72000122070312,78.0,76.20999908447266,77.83999633789062,19190200
2015-01-13,76.22050476074219,76.44999694824219,78.08000183105469,75.8499984741211,77.2300033569336,25179600
2015-01-14,76.05101776123047,76.27999877929688,77.19999694824219,76.02999877929688,76.41999816894531,25918600
2015-01-15,73.82772064208984,74.05000305175781,76.56999969482422,73.54000091552734,76.4000015258789,34134000
2015-01-16,74.95431518554688,75.18000030517578,75.31999969482422,73.83999633789062,74.04000091552734,21791500
2015-01-20,76.01113891601562,76.23999786376953,76.30999755859375,74.81999969482422,75.72000122070312,22821600
2015-01-21,76.50963592529297,76.73999786376953,77.30000305175781,75.8499984741211,76.16000366210938,25096700
2015-01-22,77.41691589355469,77.6500015258789,77.75,76.68000030517578,77.16999816894531,19519500
2015-01-23,77.59636688232422,77.83000183105469,78.19000244140625,77.04000091552734,77.6500015258789,16746500
2015-01-26,77.2673568725586,77.5,78.47000122070312,77.29000091552734,77.9800033569336,19260800
2015-01-27,75.5525131225586,75.77999877929688,76.87999725341797,75.62999725341797,76.70999908447266,20110000
2015-01-28,76.01113891601562,76.23999786376953,77.63999938964844,76.0,76.9000015258789,53306400
2015-01-29,77.76585388183594,78.0,78.0199966430664,74.20999908447266,76.8499984741211,61293500
2015-01-30,75.68213653564453,75.91000366210938,78.16000366210938,75.75,78.0,42649500
2015-02-02,74.764892578125,74.98999786376953,76.13999938964844,73.75,76.11000061035156,41955300
2015-02-03,75.17366790771484,75.4000015258789,75.58000183105469,73.86000061035156,75.19000244140625,26957700
2015-02-04,75.40296936035156,75.62999725341797,76.3499984741211,75.01000213623047,75.08999633789062,20277400
2015-02-05,75.3830337524414,75.61000061035156,75.9800033569336,75.20999908447266,75.70999908447266,15062600
2015-02-06,74.2464599609375,74.47000122070312,75.69999694824219,74.25,75.68000030517578,21211000
2015-02-09,74.21654510498047,74.44000244140625,74.83000183105469,73.44999694824219,74.05000305175781,16194300
2015-02-10,74.96429443359375,75.19000244140625,75.33999633789062,74.5,74.8499984741211,15811300
2015-02-11,76.28033447265625,76.51000213623047,76.75,75.02999877929688,75.08999633789062,20877400
2015-02-12,76.00117492675781,76.2300033569336,76.87000274658203,75.88999938964844,76.86000061035156,17235000
2015-02-13,75.51264190673828,75.73999786376953,76.4800033569336,75.5,76.45999908447266,18621900
2015-02-17,75.37306213378906,75.5999984741211,76.91000366210938,75.08000183105469,75.30000305175781,25254400
2015-02-18,76.47972869873047,76.70999908447266,76.9000015258789,75.44999694824219,75.94000244140625,22426400
2015-02-19,79.18159484863281,79.41999816894531,79.83999633789062,76.94999694824219,76.98999786376953,45851200
2015-02-20,79.66015625,79.9000015258789,80.33999633789062,79.19999694824219,79.55000305175781,36931700
2015-02-23,78.60333251953125,78.83999633789062,80.19000244140625,78.37999725341797,79.95999908447266,24139100
2015-02-24,78.21450805664062,78.44999694824219,79.4800033569336,78.0999984741211,78.5,18897100
2015-02-25,79.3211669921875,79.55999755859375,80.19999694824219,78.5,78.5,25593800
2015-02-26,80.16862487792969,80.41000366210938,81.37000274658203,79.72000122070312,79.87999725341797,31111900
2015-02-27,78.73294830322266,78.97000122070312,81.2300033569336,78.62000274658203,80.68000030517578,30739200
2015-03-02,79.51060485839844,79.75,79.86000061035156,78.5199966430664,79.0,21662500
2015-03-03,79.36104583740234,79.5999984741211,79.69999694824219,78.5199966430664,79.61000061035156,18635000
2015-03-04,80.65715026855469,80.9000015258789,81.1500015258789,78.8499984741211,79.30000305175781,28126700
2015-03-05,80.96621704101562,81.20999908447266,81.98999786376953,81.05000305175781,81.2300033569336,27825700
2015-03-06,79.76982116699219,80.01000213623047,81.33000183105469,79.83000183105469,80.9000015258789,24488600
2015-03-09,79.2015380859375,79.44000244140625,79.91000366210938,78.62999725341797,79.68000030517578,18925100
2015-03-10,77.31721496582031,77.55000305175781,79.26000213623047,77.55000305175781,78.5,23067100
2015-03-11,77.33715057373047,77.56999969482422,78.43000030517578,77.26000213623047,77.80000305175781,20215700
2015-03-12,78.69306182861328,78.93000030517578,79.05000305175781,77.91000366210938,78.0999984741211,16093300
2015-03-13,77.81571197509766,78.05000305175781,79.37999725341797,77.68000030517578,78.5999984741211,18557300
2015-03-16,77.83563995361328,78.06999969482422,78.12000274658203,77.36000061035156,77.95999908447266,19305400
2015-03-17,79.12177276611328,79.36000061035156,79.77999877929688,78.33999633789062,78.36000061035156,22170000
2015-03-18,80.66712951660156,80.91000366210938,81.23999786376953,79.16999816894531,79.25,36912400
2015-03-19,82.50160217285156,82.75,83.0,81.0,81.12000274658203,42099500
2015-03-20,83.54845428466797,83.80000305175781,84.5999984741211,83.06999969482422,83.38999938964844,44466300
2015-03-23,84.17655944824219,84.43000030517578,84.95999908447266,83.30000305175781,83.91999816894531,27357300
2015-03-24,85.05391693115234,85.30999755859375,86.06999969482422,84.5199966430664,84.70999908447266,32576500
2015-03-25,82.67108154296875,82.91999816894531,85.5199966430664,82.91999816894531,85.5,37436100
2015-03-26,82.76081848144531,83.01000213623047,83.7699966430664,82.13999938964844,82.72000122070312,32794800
2015-03-27,83.0499496459961,83.30000305175781,83.94999694824219,82.87999725341797,83.37999725341797,18372600
2015-03-30,82.95024871826172,83.19999694824219,84.33999633789062,82.41000366210938,83.80999755859375,24527700
2015-03-31,81.97319030761719,82.22000122070312,83.5,82.20999908447266,82.9000015258789,19734300
2015-04-01,81.42483520507812,81.66999816894531,82.72000122070312,80.87000274658203,82.5,22058200
2015-04-02,81.31517028808594,81.55999755859375,82.55999755859375,81.44000244140625,82.25,19664100
2015-04-06,82.1925277709961,82.44000244140625,82.80999755859375,80.80000305175781,80.80000305175781,19062900
2015-04-07,82.07288360595703,82.31999969482422,83.41999816894531,82.22000122070312,82.6500015258789,17467000
2015-04-08,82.03300476074219,82.27999877929688,83.0999984741211,81.83999633789062,82.62999725341797,18966700
2015-04-09,81.92333221435547,82.16999816894531,82.80000305175781,81.70999908447266,82.5,15927300
2015-04-10,81.7937240600586,82.04000091552734,82.61000061035156,81.91000366210938,82.20999908447266,12529700
2015-04-13,82.76081848144531,83.01000213623047,83.94000244140625,81.91999816894531,81.93000030517578,26883100
2015-04-14,83.269287109375,83.5199966430664,83.69000244140625,82.44000244140625,83.16999816894531,19634200
2015-04-15,82.46171569824219,82.70999908447266,83.66000366210938,82.2699966430664,83.55000305175781,22390900
2015-04-16,82.06291961669922,82.30999755859375,83.06999969482422,82.1500015258789,82.47000122070312,13769700
2015-04-17,80.53751373291016,80.77999877929688,82.11000061035156,80.37000274658203,81.4800033569336,24215000
2015-04-20,82.84056854248047,83.08999633789062,83.1500015258789,81.23999786376953,81.54000091552734,28796800
2015-04-21,83.36898803710938,83.62000274658203,84.48999786376953,83.54000091552734,84.0,27171900
2015-04-22,84.3759536743164,84.62999725341797,84.73999786376953,83.6500015258789,84.31999969482422,45548000
2015-04-23,82.1626205444336,82.41000366210938,85.58999633789062,82.41000366210938,84.0999984741211,73728100
2015-04-24,81.28526306152344,81.52999877929688,82.94000244140625,81.4800033569336,82.7699966430664,29660400
2015-04-27,81.66412353515625,81.91000366210938,82.93000030517578,81.62999725341797,81.87000274658203,25446000
2015-04-28,80.43781280517578,80.68000030517578,81.9000015258789,80.2300033569336,81.83000183105469,23775300
2015-04-29,80.22844696044922,80.47000122070312,81.38999938964844,79.5199966430664,80.01000213623047,26430300
2015-04-30,78.53353881835938,78.7699966430664,80.95999908447266,78.31999969482422,80.01000213623047,28999000
2015-05-01,78.75287628173828,78.98999786376953,79.76000213623047,78.11000061035156,79.23999786376953,24136400
2015-05-04,78.57342529296875,78.80999755859375,79.69000244140625,78.62999725341797,79.33000183105469,14692000
2015-05-05,77.3271713256836,77.55999755859375,78.80000305175781,77.22000122070312,78.55000305175781,22311300
2015-05-06,77.86555480957031,78.0999984741211,78.80999755859375,77.05000305175781,77.97000122070312,28663000
2015-05-07,78.19456481933594,78.43000030517578,78.94000244140625,77.55999755859375,78.0,19749400
2015-05-08,78.27432250976562,78.51000213623047,79.2300033569336,78.02999877929688,79.0999984741211,19943600
2015-05-11,77.77583312988281,78.01000213623047,79.02999877929688,77.93000030517578,78.4800033569336,18874100
2015-05-12,77.22747802734375,77.45999908447266,77.88999938964844,76.79000091552734,77.87000274658203,21285300
2015-05-13,78.20453643798828,78.44000244140625,78.52999877929688,77.6500015258789,77.72000122070312,21512300
2015-05-14,81.12574005126953,81.37000274658203,81.8499984741211,78.66999816894531,78.94000244140625,49438000
2015-05-15,80.17859649658203,80.41999816894531,81.5199966430664,80.18000030517578,81.41000366210938,27069900
2015-05-18,80.63720703125,80.87999725341797,81.37999725341797,80.2300033569336,80.33000183105469,21613700
2015-05-19,80.3879623413086,80.62999725341797,81.69000244140625,80.55000305175781,81.25,17955400
2015-05-20,80.30821228027344,80.55000305175781,81.0999984741211,79.45999908447266,80.47000122070312,23056900
2015-05-21,80.23841094970703,80.4800033569336,80.91999816894531,80.08000183105469,80.19000244140625,13402700
2015-05-22,80.29823303222656,80.54000091552734,81.30999755859375,80.25,80.3499984741211,19567900
2015-05-26,79.09186553955078,79.33000183105469,80.5999984741211,79.08000183105469,80.43000030517578,16321300
2015-05-27,80.30821228027344,80.55000305175781,80.66000366210938,79.43000030517578,79.5999984741211,14160900
2015-05-28,79.90940856933594,80.1500015258789,81.06999969482422,80.0,80.25,11982000
2015-05-29,78.95227813720703,79.19000244140625,80.06999969482422,78.87999725341797,79.94999694824219,16134600
2015-06-01,80.04898834228516,80.29000091552734,80.37999725341797,78.66000366210938,79.30000305175781,18119000
2015-06-02,80.19853210449219,80.44000244140625,81.3499984741211,79.55999755859375,79.76000213623047,18923300
2015-06-03,82.1925277709961,82.44000244140625,82.52999877929688,81.25,81.3499984741211,31775000
2015-06-04,81.80370330810547,82.05000305175781,82.94999694824219,81.51000213623047,82.13999938964844,20863900
2015-06-05,81.89342498779297,82.13999938964844,82.45999908447266,81.51000213623047,81.87000274658203,16143100
2015-06-08,80.42784118652344,80.66999816894531,82.0,80.12999725341797,81.81999969482422,16915500
2015-06-09,80.42784118652344,80.66999816894531,81.19000244140625,79.31999969482422,80.5999984741211,16497500
2015-06-10,81.91336822509766,82.16000366210938,82.5999984741211,80.80999755859375,80.83000183105469,21531200
2015-06-11,81.58436584472656,81.83000183105469,82.9000015258789,81.36000061035156,82.30999755859375,18656800
2015-06-12,81.28526306152344,81.52999877929688,82.08999633789062,81.19999694824219,81.37000274658203,11417900
2015-06-15,80.46772003173828,80.70999908447266,80.93000030517578,80.06999969482422,80.55000305175781,18805100
2015-06-16,80.8166732788086,81.05999755859375,81.51000213623047,80.44999694824219,80.81999969482422,13693700
2015-06-17,81.54448699951172,81.79000091552734,82.22000122070312,81.33999633789062,81.76000213623047,18350300
2015-06-18,82.66111755371094,82.91000366210938,83.19000244140625,81.56999969482422,81.63999938964844,26782600
2015-06-19,82.26232147216797,82.51000213623047,82.9800033569336,82.12000274658203,82.83000183105469,23353200
2015-06-22,84.48562622070312,84.73999786376953,84.97000122070312,83.30999755859375,83.41000366210938,29383100
2015-06-23,87.61619567871094,87.87999725341797,87.97000122070312,84.76000213623047,84.95999908447266,50667900
2015-06-24,88.59325408935547,88.86000061035156,89.25,87.44999694824219,87.66000366210938,41370200
2015-06-25,87.71589660644531,87.9800033569336,89.4000015258789,87.83999633789062,89.26000213623047,27302000
2015-06-26,87.74581146240234,88.01000213623047,88.33999633789062,86.83000183105469,88.12000274658203,38214600
2015-06-29,85.54244995117188,85.80000305175781,87.5,85.7300033569336,86.61000061035156,35957900
2015-06-30,85.51252746582031,85.7699966430664,86.69999694824219,85.56999969482422,86.5999984741211,23016500
2015-07-01,86.64911651611328,86.91000366210938,87.94999694824219,86.48999786376953,86.7699966430664,25260000
2015-07-02,87.02796936035156,87.29000091552734,87.44000244140625,86.33999633789062,87.4000015258789,16908800
2015-07-06,87.28719329833984,87.55000305175781,88.19000244140625,86.38999938964844,86.48999786376953,24635900
2015-07-07,86.95818328857422,87.22000122070312,87.8499984741211,85.2300033569336,87.80000305175781,33059900
2015-07-08,85.39288330078125,85.6500015258789,86.75,85.44999694824219,86.29000091552734,24399300
2015-07-09,85.62220764160156,85.87999725341797,87.5999984741211,85.6500015258789,86.7300033569336,23307400
2015-07-10,87.68598937988281,87.94999694824219,88.22000122070312,86.7699966430664,87.3499984741211,23245900
2015-07-13,89.82952880859375,90.0999984741211,90.22000122070312,88.41999816894531,88.66000366210938,29976700
2015-07-14,89.41079711914062,89.68000030517578,90.8000030517578,89.6500015258789,90.45999908447266,26627800
2015-07-15,89.49056243896484,89.76000213623047,90.98999786376952,89.41999816894531,90.0,30886600
2015-07-16,90.57727813720705,90.8499984741211,90.86000061035156,89.7699966430664,90.27999877929688,21804100
2015-07-17,94.6849136352539,94.97000122070312,95.38999938964844,92.54000091552734,92.5500030517578,54001600
2015-07-20,97.61609649658205,97.91000366210938,98.5999984741211,95.36000061035156,95.8499984741211,54860500
2015-07-21,98.09465026855467,98.38999938964844,99.23999786376952,97.13999938964844,98.9499969482422,39453300
2015-07-22,96.74870300292967,97.04000091552734,97.58000183105467,95.91999816894533,96.73999786376952,28299500
2015-07-23,95.15350341796876,95.44000244140624,97.4499969482422,94.80999755859376,96.95999908447266,29418800
2015-07-24,96.65897369384766,96.9499969482422,97.76000213623048,95.87999725341795,97.3499984741211,33444900
2015-07-27,93.88731384277344,94.16999816894533,96.61000061035156,93.83000183105467,96.58000183105467,38585400
2015-07-28,95.0039520263672,95.29000091552734,95.55999755859376,93.30999755859376,94.83999633789062,35236000
2015-07-29,96.6988525390625,96.98999786376952,97.27999877929688,94.73999786376952,96.31999969482422,64648300
2015-07-30,94.9241943359375,95.20999908447266,95.80999755859376,91.8000030517578,94.91000366210938,86211300
2015-07-31,93.72779846191406,94.01000213623048,96.33000183105467,93.9499969482422,94.9499969482422,46509000
2015-08-03,93.85740661621094,94.13999938964844,95.08000183105467,92.8000030517578,93.52999877929688,29343100
2015-08-04,93.77764129638672,94.05999755859376,94.7300033569336,93.33000183105467,93.79000091552734,20136000
2015-08-05,96.15050506591795,96.44000244140624,97.08999633789062,95.18000030517578,95.25,29813200
2015-08-06,94.83445739746094,95.12000274658205,98.73999786376952,94.41999816894533,97.18000030517578,42271300
2015-08-07,94.01692962646484,94.3000030517578,95.4000015258789,93.61000061035156,95.37999725341795,23199100
2015-08-10,93.86737823486328,94.1500015258789,95.9000015258789,93.62999725341795,95.68000030517578,21624200
2015-08-11,93.3389663696289,93.62000274658205,94.76000213623048,92.9000015258789,93.7300033569336,22491000
2015-08-12,93.90725708007812,94.19000244140624,94.44000244140624,91.19000244140624,92.6999969482422,27050500
2015-08-13,93.14954376220705,93.43000030517578,94.7300033569336,93.3499984741211,94.0500030517578,17451800
2015-08-14,94.13655853271484,94.41999816894533,94.72000122070312,93.20999908447266,93.54000091552734,15929700
2015-08-17,93.64803314208984,93.93000030517578,94.45999908447266,93.38999938964844,94.41999816894533,18313500
2015-08-18,94.88431549072266,95.16999816894533,95.8499984741211,94.04000091552734,94.08000183105467,22278800
2015-08-19,95.02389526367188,95.30999755859376,96.0999984741211,94.16000366210938,94.62999725341795,23251300
2015-08-20,90.28815460205078,90.55999755859376,94.7699966430664,90.45999908447266,93.54000091552734,44598200
2015-08-21,85.8016586303711,86.05999755859375,89.18000030517578,85.61000061035156,87.5199966430664,62778700
2015-08-24,81.84357452392578,82.08999633789062,82.08999633789062,72.0,77.02999877929688,83710700
2015-08-25,82.75084686279297,83.0,87.66999816894531,83.0,86.94999694824219,52021200
2015-08-26,86.92826843261719,87.19000244140625,87.45999908447266,83.26000213623047,85.94999694824219,45124300
2015-08-27,89.46065521240234,89.7300033569336,90.05999755859375,87.19000244140625,89.0999984741211,42431400
2015-08-28,90.73680114746094,91.01000213623048,91.4800033569336,89.79000091552734,89.87999725341797,33215900
2015-08-31,89.16153717041016,89.43000030517578,91.0500030517578,88.88999938964844,90.5999984741211,32850700
2015-09-01,86.96814727783203,87.2300033569336,89.38999938964844,86.5,86.8499984741211,36097400
2015-09-02,89.62017059326172,89.88999938964844,89.88999938964844,87.62999725341797,88.80999755859375,27190500
2015-09-03,87.88539123535156,88.1500015258789,89.81999969482422,87.7300033569336,89.76000213623047,27048200
2015-09-04,87.99505615234375,88.26000213623047,88.38999938964844,86.69999694824219,87.19999694824219,27328700
2015-09-08,89.26124572753906,89.52999877929688,90.23999786376952,88.83000183105469,89.69000244140625,27012500
2015-09-09,90.16851043701172,90.44000244140624,91.9800033569336,90.16999816894533,90.77999877929688,32551100
2015-09-10,91.70389556884766,91.9800033569336,92.05999755859376,89.62999725341797,90.06999969482422,26437400
2015-09-11,91.773681640625,92.0500030517578,92.08000183105467,91.12999725341795,91.68000030517578,21185000
2015-09-14,92.03289031982422,92.30999755859376,92.62000274658205,91.5999984741211,92.30999755859376,20127900
2015-09-15,92.62113189697266,92.9000015258789,93.25,91.79000091552734,92.37000274658205,18859400
2015-09-16,93.16947174072266,93.4499969482422,93.5999984741211,92.62999725341795,92.9000015258789,16321200
2015-09-17,94.05680847167967,94.33999633789062,95.51000213623048,92.9000015258789,93.37000274658205,27841800
2015-09-18,94.11662292480467,94.4000015258789,95.19000244140624,93.0500030517578,93.1999969482422,62300000
2015-09-21,95.26318359375,95.5500030517578,96.48999786376952,94.5199966430664,94.62000274658205,28790000
2015-09-22,92.68094635009766,92.95999908447266,94.68000030517578,91.91999816894533,93.7699966430664,36888900
2015-09-23,93.68791961669922,93.97000122070312,94.31999969482422,92.8000030517578,93.4000015258789,21701400
2015-09-24,94.12660217285156,94.41000366210938,94.7699966430664,92.23999786376952,93.05999755859376,29106000
2015-09-25,92.49151611328124,92.7699966430664,95.8499984741211,92.05999755859376,95.79000091552734,28961600
2015-09-28,88.94220733642578,89.20999908447266,92.29000091552734,88.18000030517578,92.08000183105467,41199900
2015-09-29,86.40982818603516,86.66999816894531,90.05999755859375,85.72000122070312,89.0999984741211,42281800
2015-09-30,89.63013458251953,89.9000015258789,90.0199966430664,88.01000213623047,88.44000244140625,36169100
2015-10-01,90.6769790649414,90.9499969482422,90.9499969482422,88.36000061035156,90.05000305175781,29283700
2015-10-02,91.79361724853516,92.06999969482422,92.1999969482422,88.37000274658203,88.9000015258789,37881700
2015-10-05,93.72779846191406,94.01000213623048,94.2699966430664,92.66000366210938,92.94000244140624,27292500
2015-10-06,92.52143096923828,92.8000030517578,94.16999816894533,92.33999633789062,94.08000183105467,22172800
2015-10-07,92.12263488769533,92.4000015258789,93.66000366210938,91.37000274658205,93.11000061035156,24129300
2015-10-08,92.19242095947266,92.47000122070312,93.22000122070312,90.47000122070312,91.88999938964844,27290500
2015-10-09,92.9601058959961,93.23999786376952,93.73999786376952,92.23999786376952,92.9000015258789,20012900
2015-10-12,93.97705078125,94.26000213623048,94.5999984741211,92.66999816894533,93.31999969482422,18449600
2015-10-13,93.83746337890624,94.12000274658205,95.37000274658205,93.5500030517578,93.66000366210938,19480300
2015-10-14,93.7876205444336,94.06999969482422,95.1999969482422,93.61000061035156,94.08000183105467,19253400
2015-10-15,95.67193603515624,95.95999908447266,96.3000030517578,94.9000015258789,94.98999786376952,27557500
2015-10-16,97.24720001220705,97.54000091552734,97.58999633789062,95.3499984741211,96.18000030517578,25412900
2015-10-19,98.17440795898438,98.47000122070312,98.56999969482422,96.91999816894533,97.18000030517578,23729900
2015-10-20,96.70882415771484,97.0,99.58999633789062,96.55999755859376,98.7300033569336,30881800
2015-10-21,96.81849670410156,97.11000061035156,98.18000030517578,96.47000122070312,97.37000274658205,21917800
2015-10-22,99.3708038330078,99.66999816894533,99.7300033569336,97.5500030517578,97.79000091552734,26392100
2015-10-23,101.88323974609376,102.19000244140624,102.8499984741211,100.16000366210938,101.91000366210938,42809700
2015-10-26,103.45849609375,103.7699966430664,103.80999755859376,101.5500030517578,102.1999969482422,25961200
2015-10-27,103.38871002197266,103.6999969482422,104.0999984741211,102.4000015258789,102.94000244140624,23795500
2015-10-28,103.88719940185548,104.1999969482422,104.4800033569336,102.91999816894533,103.9000015258789,24081500
2015-10-29,104.5651626586914,104.87999725341795,105.12000274658205,103.5199966430664,103.95999908447266,20316700
2015-10-30,101.66390991210938,101.97000122070312,104.72000122070312,101.6500015258789,104.51000213623048,33487100
2015-11-02,102.9998779296875,103.30999755859376,103.47000122070312,101.18000030517578,101.72000122070312,24003900
2015-11-03,102.27207946777344,102.58000183105467,103.6500015258789,102.4000015258789,103.22000122070312,21242300
2015-11-04,103.62799835205078,103.94000244140624,104.13999938964844,102.4800033569336,103.19000244140624,43469300
2015-11-05,108.43351745605467,108.76000213623048,110.6500015258789,107.9499969482422,108.8000030517578,63232900
2015-11-06,106.77849578857422,107.0999984741211,108.73999786376952,105.91000366210938,108.04000091552734,35084300
2015-11-09,106.17033386230467,106.48999786376952,108.25,105.86000061035156,107.0,26383500
2015-11-10,107.58607482910156,107.91000366210938,108.1500015258789,105.23999786376952,105.95999908447266,25031700
2015-11-11,108.68276977539062,109.01000213623048,109.87000274658205,107.11000061035156,108.2699966430664,25057100
2015-11-12,107.69573974609376,108.0199966430664,109.38999938964844,108.0,108.4800033569336,20924700
2015-11-13,103.63795471191406,103.9499969482422,108.25,103.83000183105467,107.70999908447266,30278400
2015-11-16,103.72769165039062,104.04000091552734,104.16999816894533,100.47000122070312,103.31999969482422,49309200
2015-11-17,104.81441497802734,105.12999725341795,106.1999969482422,104.13999938964844,104.62000274658205,26807200
2015-11-18,107.44647979736328,107.7699966430664,107.87999725341795,105.38999938964844,105.8000030517578,23836500
2015-11-19,105.94103240966795,106.26000213623048,107.7300033569336,105.9499969482422,107.36000061035156,25520600
2015-11-20,106.99784088134766,107.31999969482422,107.87000274658205,106.62000274658205,106.83999633789062,22129600
2015-11-23,106.6289520263672,106.9499969482422,107.47000122070312,106.08000183105467,107.19000244140624,19897200
2015-11-24,105.4225845336914,105.73999786376952,106.48999786376952,104.38999938964844,106.0,23577300
2015-11-25,105.09358215332033,105.41000366210938,106.5999984741211,105.0999984741211,106.33000183105467,15150800
2015-11-27,105.13345336914062,105.4499969482422,105.95999908447266,104.86000061035156,105.77999877929688,5913100
2015-11-30,103.92708587646484,104.23999786376952,106.0999984741211,103.75,105.83999633789062,20383200
2015-12-01,106.79844665527344,107.12000274658205,107.1500015258789,104.5,104.83000183105467,22781900
2015-12-02,105.75159454345705,106.06999969482422,107.91999816894533,105.79000091552734,107.0,24429100
2015-12-03,104.0666732788086,104.37999725341795,106.8499984741211,103.3499984741211,106.2699966430664,23236500
2015-12-04,105.86126708984376,106.18000030517578,107.7300033569336,104.11000061035156,104.80999755859376,21224700
2015-12-07,105.29297637939452,105.61000061035156,106.83000183105467,104.66000366210938,106.4800033569336,15474900
2015-12-08,106.17033386230467,106.48999786376952,106.91000366210938,103.9499969482422,104.0,20401800
2015-12-09,104.28600311279295,104.5999984741211,106.44000244140624,103.5500030517578,106.18000030517578,23517300
2015-12-10,105.10354614257812,105.41999816894533,106.4000015258789,104.41000366210938,105.0500030517578,17454300
2015-12-11,101.8134536743164,102.12000274658205,104.33999633789062,101.91000366210938,104.1500015258789,26427700
2015-12-14,104.34583282470705,104.66000366210938,104.73999786376952,101.45999908447266,102.29000091552734,24648100
2015-12-15,104.23616027832033,104.5500030517578,105.8000030517578,104.27999877929688,105.3000030517578,21764300
2015-12-16,106.4694366455078,106.79000091552734,107.08999633789062,104.19000244140624,105.37000274658205,22680500
2015-12-17,105.9011459350586,106.22000122070312,107.75,106.12999725341795,107.48999786376952,21675700
2015-12-18,103.72769165039062,104.04000091552734,106.58999633789062,103.97000122070312,106.08000183105467,35994200
2015-12-21,104.45549011230467,104.7699966430664,105.1500015258789,103.5999984741211,104.91000366210938,16138800
2015-12-22,105.19327545166016,105.51000213623048,105.66000366210938,104.80999755859376,105.22000122070312,14597100
2015-12-23,104.31591033935548,104.62999725341795,106.11000061035156,103.86000061035156,105.88999938964844,19599700
2015-12-24,104.70475006103516,105.0199966430664,105.31999969482422,104.5,104.73999786376952,6501800
2015-12-28,105.6120147705078,105.93000030517578,105.9800033569336,104.52999877929688,105.0199966430664,13069700
2015-12-29,106.93802642822266,107.26000213623048,107.73999786376952,106.25,106.41999816894533,17179900
2015-12-30,105.9011459350586,106.22000122070312,107.25,106.05999755859376,107.0,13115000
2015-12-31,104.34583282470705,104.66000366210938,106.16999816894533,104.62000274658205,106.0,18391100
2016-01-04,101.91314697265624,102.22000122070312,102.23999786376952,99.75,101.9499969482422,37912400
2016-01-05,102.42162322998048,102.7300033569336,103.70999908447266,101.66999816894533,102.88999938964844,23258200
2016-01-06,102.66090393066406,102.97000122070312,103.7699966430664,100.9000015258789,101.12999725341795,25096200
2016-01-07,97.62606048583984,97.91999816894533,101.43000030517578,97.3000030517578,100.5,45172900
2016-01-08,97.03782653808594,97.33000183105467,100.5,97.02999877929688,99.87999725341795,35402300
2016-01-11,97.21729278564452,97.51000213623048,98.5999984741211,95.38999938964844,97.91000366210938,29932400
2016-01-12,99.07170867919922,99.37000274658205,99.95999908447266,97.5500030517578,99.0,28395400
2016-01-13,95.15350341796876,95.44000244140624,100.58000183105467,95.20999908447266,100.58000183105467,33410600
2016-01-14,98.07470703125,98.37000274658205,98.87000274658205,92.4499969482422,95.8499984741211,48658600
2016-01-15,94.6849136352539,94.97000122070312,96.37999725341795,93.54000091552734,93.9800033569336,46132800
2016-01-19,94.97404479980467,95.26000213623048,97.41999816894533,93.91999816894533,96.52999877929688,30998300
2016-01-20,94.0667724609375,94.3499984741211,95.0,89.37000274658203,92.83000183105467,59051400
2016-01-21,93.87734985351562,94.16000366210938,95.98999786376952,92.62000274658205,94.91000366210938,30518900
2016-01-22,97.64599609375,97.94000244140624,98.06999969482422,95.48999786376952,96.41000366210938,30495400
2016-01-25,96.71878814697266,97.01000213623048,99.4800033569336,96.93000030517578,98.72000122070312,32482000
2016-01-26,97.04779815673828,97.33999633789062,97.87999725341795,95.66000366210938,97.76000213623048,26877100
2016-01-27,94.16646575927734,94.4499969482422,97.8499984741211,94.2300033569336,97.79000091552734,58699400
2016-01-28,108.782470703125,109.11000061035156,110.33999633789062,104.80999755859376,107.1999969482422,107475300
2016-01-29,111.8731689453125,112.20999908447266,112.83999633789062,108.83999633789062,108.98999786376952,62739500
2016-02-01,114.74452209472656,115.08999633789062,115.72000122070312,112.01000213623048,112.2699966430664,46132700
2016-02-02,114.26596069335938,114.61000061035156,117.58999633789062,113.1999969482422,114.8000030517578,59778600
2016-02-03,112.35172271728516,112.69000244140624,115.33999633789062,109.75,115.2699966430664,56919300
2016-02-04,110.15831756591795,110.48999786376952,111.94000244140624,109.25,111.8000030517578,38890200
2016-02-05,103.75759887695312,104.06999969482422,109.58000183105467,103.18000030517578,109.51000213623048,76894700
2016-02-08,99.4505615234375,99.75,102.68000030517578,97.45999908447266,100.41000366210938,71229700
2016-02-09,99.24119567871094,99.54000091552734,102.4000015258789,96.81999969482422,97.13999938964844,62709000
2016-02-10,100.69681549072266,101.0,103.25,100.23999786376952,101.5500030517578,45179400
2016-02-11,101.60408782958984,101.91000366210938,105.11000061035156,98.87999725341795,99.5999984741211,43670600
2016-02-12,101.70378875732422,102.01000213623048,104.23999786376952,101.08999633789062,103.73999786376952,36176800
2016-02-16,101.30498504638672,101.61000061035156,103.93000030517578,100.23999786376952,103.8000030517578,45687200
2016-02-17,104.88420104980467,105.1999969482422,105.72000122070312,100.4000015258789,102.0199966430664,44073400
2016-02-18,103.1594009399414,103.47000122070312,106.0,103.02999877929688,105.8000030517578,29593500
2016-02-19,104.25609588623048,104.56999969482422,105.0199966430664,102.05999755859376,102.5500030517578,32404500
2016-02-22,106.83832550048828,107.16000366210938,108.25,105.33999633789062,105.48999786376952,35709700
2016-02-23,105.14342498779295,105.45999908447266,107.47000122070312,105.12000274658205,106.8499984741211,25319300
2016-02-24,106.55915832519533,106.87999725341795,106.9499969482422,102.73999786376952,104.20999908447266,34412400
2016-02-25,107.74559020996094,108.06999969482422,108.06999969482422,105.61000061035156,107.11000061035156,29906300
2016-02-26,107.59603881835938,107.91999816894533,109.4499969482422,107.16000366210938,108.6999969482422,26686200
2016-02-29,106.59903717041016,106.91999816894533,108.91000366210938,106.75,107.5999984741211,32779000
2016-03-01,109.4903335571289,109.81999969482422,109.81999969482422,107.5999984741211,107.83000183105467,26817300
2016-03-02,109.61994171142578,109.9499969482422,110.5500030517578,108.7699966430664,109.68000030517578,25670200
2016-03-03,109.25106048583984,109.58000183105467,110.3000030517578,108.54000091552734,110.25,21353100
2016-03-04,108.06463623046876,108.38999938964844,110.0500030517578,107.93000030517578,110.0500030517578,24938900
2016-03-07,105.41261291503906,105.7300033569336,108.06999969482422,104.72000122070312,108.06999969482422,31436400
2016-03-08,105.6120147705078,105.93000030517578,107.37000274658205,104.4000015258789,104.77999877929688,25617000
2016-03-09,107.1872787475586,107.51000213623048,107.51000213623048,105.48999786376952,106.6999969482422,20493300
2016-03-10,106.99784088134766,107.31999969482422,108.66000366210938,105.7699966430664,107.91000366210938,24854300
2016-03-11,109.0815658569336,109.41000366210938,109.41999816894533,107.91999816894533,108.4800033569336,20697600
2016-03-14,109.56012725830078,109.88999938964844,110.33000183105467,108.7699966430664,109.27999877929688,17249400
2016-03-15,110.33778381347656,110.66999816894533,110.83000183105467,108.83999633789062,109.11000061035156,17618500
2016-03-16,111.84325408935548,112.18000030517578,112.5,110.0999984741211,110.48999786376952,24744800
2016-03-17,110.68672943115234,111.0199966430664,112.69000244140624,110.7300033569336,112.1500015258789,24241200
2016-03-18,111.1154327392578,111.4499969482422,112.41999816894533,110.2699966430664,111.55999755859376,36256900
2016-03-21,111.51423645019533,111.8499984741211,112.37000274658205,111.02999877929688,111.66000366210938,18448000
2016-03-22,111.91304779052734,112.25,112.87999725341795,111.16999816894533,111.36000061035156,19001100
2016-03-23,112.2021713256836,112.54000091552734,113.19000244140624,112.0,112.01000213623048,18562000
2016-03-24,112.7106475830078,113.0500030517578,113.08999633789062,111.68000030517578,112.12999725341795,17839100
2016-03-28,113.34872436523438,113.69000244140624,114.58999633789062,112.9499969482422,113.31999969482422,21351800
2016-03-29,115.79136657714844,116.13999938964844,116.31999969482422,113.63999938964844,113.83000183105467,29825300
2016-03-30,114.35568237304688,114.6999969482422,116.98999786376952,114.36000061035156,116.7300033569336,33235200
2016-03-31,113.75748443603516,114.0999984741211,115.01000213623048,113.7699966430664,114.6999969482422,21207500
2016-04-01,115.71160888671876,116.05999755859376,116.16999816894533,113.3499984741211,113.75,24760500
2016-04-04,112.21215057373048,112.5500030517578,114.5500030517578,111.61000061035156,114.06999969482422,48487900
2016-04-05,111.88312530517578,112.22000122070312,113.31999969482422,111.9000015258789,112.11000061035156,22962400
2016-04-06,113.36865997314452,113.70999908447266,113.80999755859376,112.41999816894533,112.47000122070312,20814600
2016-04-07,113.2988739013672,113.63999938964844,114.88999938964844,113.06999969482422,113.79000091552734,20714500
2016-04-08,110.29790496826172,110.62999725341795,114.33000183105467,109.9000015258789,114.25,48497800
2016-04-11,108.66282653808594,108.98999786376952,110.91000366210938,108.7699966430664,110.6999969482422,39762300
2016-04-12,110.27796936035156,110.61000061035156,111.16000366210938,108.98999786376952,109.33999633789062,26248100
2016-04-13,110.17827606201172,110.51000213623048,112.6500015258789,106.5199966430664,112.2300033569336,88227400
2016-04-14,110.5072784423828,110.83999633789062,112.04000091552734,110.26000213623048,110.62000274658205,28473300
2016-04-15,109.31088256835938,109.63999938964844,110.97000122070312,109.1999969482422,110.79000091552734,20922800
2016-04-18,110.11843872070312,110.4499969482422,110.80999755859376,109.1999969482422,109.73999786376952,21167200
2016-04-19,111.9529266357422,112.29000091552734,112.4499969482422,109.16000366210938,111.0999984741211,30210500
2016-04-20,112.08252716064452,112.41999816894533,113.2699966430664,111.55999755859376,112.43000030517578,21027900
2016-04-21,113.09947204589844,113.44000244140624,114.04000091552734,112.30999755859376,112.5500030517578,20875200
2016-04-22,110.22811889648438,110.55999755859376,111.75,109.01000213623048,111.20999908447266,38458200
2016-04-25,109.76949310302734,110.0999984741211,110.66999816894533,109.06999969482422,109.87000274658205,21017900
2016-04-26,108.43351745605467,108.76000213623048,110.5,108.1500015258789,110.48999786376952,22521500
2016-04-27,108.56312561035156,108.88999938964844,108.94000244140624,106.30999755859376,107.94000244140624,52213100
2016-04-28,116.37960052490234,116.7300033569336,120.79000091552734,116.2300033569336,119.58000183105467,87110100
2016-04-29,117.22704315185548,117.58000183105467,117.83999633789062,115.83999633789062,116.81999969482422,37140600
2016-05-02,118.21407318115234,118.56999969482422,118.7300033569336,116.56999969482422,117.83000183105467,28095200
2016-05-03,117.0774917602539,117.43000030517578,118.16000366210938,117.0199966430664,117.5199966430664,24117500
2016-05-04,117.70560455322266,118.05999755859376,118.3000030517578,116.56999969482422,116.61000061035156,23448400
2016-05-05,117.4563446044922,117.80999755859376,118.9800033569336,117.25,118.04000091552734,22056700
2016-05-06,119.1313018798828,119.48999786376952,119.63999938964844,117.11000061035156,117.16000366210938,26395600
2016-05-09,118.8820571899414,119.23999786376952,120.27999877929688,118.9000015258789,119.54000091552734,21138100
2016-05-10,120.13827514648438,120.5,120.5,119.0,119.62000274658205,23220000
2016-05-11,119.16120910644533,119.5199966430664,121.08000183105467,119.41999816894533,120.41000366210938,22038400
2016-05-12,119.91893768310548,120.27999877929688,120.83999633789062,118.9000015258789,119.9800033569336,22035500
2016-05-13,119.45034790039062,119.80999755859376,120.63999938964844,119.68000030517578,120.37999725341795,18124300
2016-05-16,118.31377410888672,118.66999816894533,119.61000061035156,117.3499984741211,119.37999725341795,31247800
2016-05-17,116.99772644042967,117.3499984741211,119.01000213623048,117.1999969482422,118.81999969482422,21328600
2016-05-18,117.29683685302734,117.6500015258789,118.2699966430664,116.7300033569336,116.8000030517578,21642300
2016-05-19,116.4593505859375,116.80999755859376,117.48999786376952,115.87999725341795,117.0500030517578,20544100
2016-05-20,116.99772644042967,117.3499984741211,117.98999786376952,116.9499969482422,116.95999908447266,18944800
2016-05-23,115.62187957763672,115.97000122070312,117.5999984741211,115.94000244140624,117.41999816894533,20441000
2016-05-24,117.34668731689452,117.6999969482422,117.7300033569336,116.12000274658205,116.23999786376952,20183600
2016-05-25,117.5361099243164,117.88999938964844,118.66999816894533,117.37999725341795,118.12999725341795,20019800
2016-05-26,119.1113739013672,119.47000122070312,119.76000213623048,117.91999816894533,118.23999786376952,18481300
2016-05-27,119.02163696289062,119.37999725341795,119.8499984741211,119.01000213623048,119.55999755859376,13493600
2016-05-31,118.4533462524414,118.80999755859376,120.0999984741211,118.12000274658205,119.45999908447266,23547600
2016-06-01,118.4234390258789,118.77999877929688,119.08000183105467,117.81999969482422,118.5,15029500
2016-06-02,118.57299041748048,118.93000030517578,119.44000244140624,118.22000122070312,118.69000244140624,13228300
2016-06-03,118.1143798828125,118.47000122070312,118.9800033569336,117.86000061035156,118.9800033569336,14135100
2016-06-06,118.43341827392578,118.79000091552734,119.43000030517578,118.36000061035156,118.62000274658205,12744700
2016-06-07,117.40650177001952,117.76000213623048,119.3000030517578,117.66999816894533,119.23999786376952,17103000
2016-06-08,118.03460693359376,118.38999938964844,118.5999984741211,117.2699966430664,117.76000213623048,14505600
2016-06-09,118.20409393310548,118.55999755859376,118.68000030517578,117.70999908447266,118.12999725341795,13859200
2016-06-10,116.26992797851562,116.62000274658205,118.11000061035156,116.26000213623048,117.54000091552734,18510800
2016-06-13,113.60794067382812,113.9499969482422,115.4800033569336,113.30999755859376,115.0,31718200
2016-06-14,114.59496307373048,114.94000244140624,114.9499969482422,113.58000183105467,114.06999969482422,17618500
2016-06-15,114.25598907470705,114.5999984741211,115.44000244140624,114.06999969482422,115.3000030517578,19819400
2016-06-16,114.04662322998048,114.38999938964844,114.5,112.94000244140624,113.87000274658205,19236300
2016-06-17,112.68073272705078,113.0199966430664,114.43000030517578,112.55999755859376,114.41999816894533,24644300
2016-06-20,113.0296859741211,113.37000274658205,114.72000122070312,112.75,113.7699966430664,20785400
2016-06-21,114.0366439819336,114.37999725341795,115.20999908447266,113.97000122070312,114.12000274658205,19166300
2016-06-22,113.56806182861328,113.91000366210938,114.73999786376952,113.61000061035156,114.6500015258789,14846300
2016-06-23,114.73455047607422,115.08000183105467,115.08999633789062,113.54000091552734,114.37000274658205,16176900
2016-06-24,111.74356079101562,112.08000183105467,113.68000030517578,111.0,111.01000213623048,40643100
2016-06-27,108.64289093017578,108.97000122070312,111.56999969482422,108.2300033569336,111.56999969482422,36130400
2016-06-28,112.36168670654295,112.6999969482422,112.75,110.5500030517578,110.62999725341795,26813800
2016-06-29,113.81731414794922,114.16000366210938,114.25,113.04000091552734,113.37000274658205,20968300
2016-06-30,113.93695068359376,114.27999877929688,115.18000030517578,113.66999816894533,114.66999816894533,23192700
2016-07-01,113.84722137451172,114.19000244140624,115.12999725341795,113.80999755859376,114.1999969482422,14980000
2016-07-05,113.85718536376952,114.1999969482422,114.1999969482422,112.97000122070312,113.94000244140624,14207000
2016-07-06,116.34968566894533,116.6999969482422,116.79000091552734,112.97000122070312,113.36000061035156,24337600
2016-07-07,115.50223541259766,115.8499984741211,116.97000122070312,115.36000061035156,116.62999725341795,16630200
2016-07-08,116.88805389404295,117.23999786376952,117.5,115.8499984741211,116.43000030517578,18142600
2016-07-11,117.51617431640624,117.87000274658205,118.6999969482422,117.5,117.70999908447266,17711600
2016-07-12,117.57599639892578,117.93000030517578,118.72000122070312,117.56999969482422,118.62999725341795,15217700
2016-07-13,116.429443359375,116.77999877929688,118.4000015258789,116.68000030517578,118.38999938964844,16207700
2016-07-14,116.93791961669922,117.29000091552734,117.63999938964844,116.6999969482422,117.5,14579700
2016-07-15,116.50920867919922,116.86000061035156,118.27999877929688,116.58000183105467,117.73999786376952,16646000
2016-07-18,119.0116729736328,119.37000274658205,119.61000061035156,116.88999938964844,117.31999969482422,20868400
2016-07-19,120.2479476928711,120.61000061035156,120.8499984741211,118.66000366210938,118.98999786376952,21541300
2016-07-20,121.55402374267578,121.91999816894533,122.1999969482422,120.55999755859376,121.25,20046500
2016-07-21,120.2479476928711,120.61000061035156,122.0999984741211,120.25,121.91999816894533,17801700
2016-07-22,120.63677215576172,121.0,121.01000213623048,119.30999755859376,119.9000015258789,18422400
2016-07-25,121.26488494873048,121.62999725341795,121.8499984741211,117.77999877929688,121.38999938964844,18487400
2016-07-26,120.85611724853516,121.22000122070312,122.06999969482422,120.75,122.0,17612000
2016-07-27,122.9697494506836,123.33999633789062,125.0,121.51000213623048,122.41999816894533,52654200
2016-07-28,124.6247787475586,125.0,128.3300018310547,123.62999725341795,127.5199966430664,78955800
2016-07-29,123.56794738769533,123.94000244140624,125.83999633789062,123.70999908447266,124.6500015258789,35058800
2016-08-01,123.93683624267578,124.30999755859376,124.58000183105467,122.86000061035156,123.8499984741211,25006900
2016-08-02,122.72049713134766,123.08999633789062,124.8000030517578,122.06999969482422,124.05999755859376,23968400
2016-08-03,122.14225006103516,122.51000213623048,123.91999816894533,122.30999755859376,123.08999633789062,18525300
2016-08-04,123.9866943359375,124.36000061035156,124.79000091552734,122.51000213623048,122.94000244140624,21066000
2016-08-05,124.77432250976562,125.1500015258789,125.83999633789062,124.62000274658205,124.9800033569336,20184000
2016-08-08,124.8839874267578,125.26000213623048,125.4499969482422,124.5500030517578,125.25,15233900
2016-08-09,124.68458557128906,125.05999755859376,126.08999633789062,124.52999877929688,125.33999633789062,19621000
2016-08-10,124.505126953125,124.87999725341795,125.4800033569336,124.54000091552734,125.06999969482422,10670100
2016-08-11,124.52507019042967,124.9000015258789,125.37999725341795,124.75,125.1999969482422,11729500
2016-08-12,124.505126953125,124.87999725341795,125.0,124.18000030517578,124.6999969482422,12159000
2016-08-15,123.52806854248048,123.9000015258789,124.91999816894533,123.6999969482422,124.91000366210938,19295100
2016-08-16,122.92987060546876,123.3000030517578,123.91999816894533,122.77999877929688,123.5,14222400
2016-08-17,123.99665832519533,124.37000274658205,124.37999725341795,122.8499984741211,123.66000366210938,13794200
2016-08-18,123.53804779052734,123.91000366210938,124.26000213623048,123.63999938964844,124.01000213623048,12400800
2016-08-19,123.18909454345705,123.55999755859376,124.16000366210938,123.27999877929688,123.5999984741211,11688300
2016-08-22,123.7773208618164,124.1500015258789,124.83000183105467,123.11000061035156,123.33000183105467,14386400
2016-08-23,123.99665832519533,124.37000274658205,125.08999633789062,124.25,124.51000213623048,13309500
2016-08-24,123.10933685302734,123.4800033569336,124.69000244140624,123.08999633789062,124.47000122070312,12243700
2016-08-25,123.51809692382812,123.88999938964844,124.37000274658205,123.0999984741211,123.12000274658205,10730800
2016-08-26,124.58489227294922,124.95999908447266,125.19000244140624,123.91000366210938,124.0500030517578,17504800
2016-08-29,126.16014099121094,126.54000091552734,126.7300033569336,124.3499984741211,124.3499984741211,15925900
2016-08-30,125.46224212646484,125.83999633789062,126.5999984741211,125.1500015258789,126.5999984741211,17804300
2016-08-31,125.7414093017578,126.12000274658205,126.22000122070312,125.0999984741211,125.5999984741211,14200600
2016-09-01,125.791259765625,126.16999816894533,126.62999725341795,125.5999984741211,126.37999725341795,13536100
2016-09-02,126.13023376464844,126.51000213623048,126.86000061035156,126.0,126.8499984741211,12118800
2016-09-06,129.34056091308594,129.72999572753906,129.94000244140625,126.47000122070312,126.66999816894533,26278400
2016-09-07,130.65660095214844,131.0500030517578,131.97999572753906,129.9499969482422,130.0399932861328,27990800
2016-09-08,129.8789520263672,130.27000427246094,131.0800018310547,129.80999755859375,130.9199981689453,15676600
2016-09-09,126.7184600830078,127.0999984741211,129.9499969482422,127.0999984741211,129.7100067138672,27100700
2016-09-12,128.30369567871094,128.69000244140625,128.75999450683594,125.75,125.95999908447266,21252800
2016-09-13,126.82813262939452,127.20999908447266,128.35000610351562,126.66000366210938,128.02999877929688,18016200
2016-09-14,127.3864517211914,127.7699966430664,128.8000030517578,126.88999938964844,126.88999938964844,15691100
2016-09-15,127.9647216796875,128.35000610351562,129.10000610351562,127.66999816894533,127.9800033569336,15077200
2016-09-16,128.68255615234375,129.07000732421875,129.17999267578125,128.1999969482422,128.1999969482422,24119200
2016-09-19,128.2637939453125,128.64999389648438,129.94000244140625,128.25999450683594,129.91000366210938,14958800
2016-09-20,128.25384521484375,128.63999938964844,129.1699981689453,128.02999877929688,128.64999389648438,11083800
2016-09-21,129.54994201660156,129.94000244140625,130.00999450683594,128.38999938964844,129.1300048828125,14068300
2016-09-22,129.68951416015625,130.0800018310547,130.72999572753906,129.55999755859375,130.5,15538300
2016-09-23,127.5758819580078,127.95999908447266,128.60000610351562,127.3000030517578,127.55999755859376,28326300
2016-09-26,126.92782592773438,127.30999755859376,128.16000366210938,126.8000030517578,127.37000274658205,15064900
2016-09-27,128.30369567871094,128.69000244140625,129.00999450683594,127.43000030517578,127.61000061035156,15637100
2016-09-28,128.84207153320312,129.22999572753906,129.47000122070312,128.39999389648438,129.2100067138672,12047600
2016-09-29,127.70549011230467,128.08999633789062,129.2899932861328,127.5500030517578,129.17999267578125,14532200
2016-09-30,127.88495635986328,128.27000427246094,128.58999633789062,127.4499969482422,128.02999877929688,18402900
2016-10-03,128.38345336914062,128.77000427246094,129.08999633789062,127.8000030517578,128.3800048828125,13156900
2016-10-04,127.80519104003906,128.19000244140625,129.27999877929688,127.5500030517578,129.1699981689453,14307500
2016-10-05,128.08436584472656,128.47000122070312,128.8000030517578,127.83000183105467,128.25,12386800
2016-10-06,128.35354614257812,128.74000549316406,129.05999755859375,128.0800018310547,128.42999267578125,11682700
2016-10-07,128.60279846191406,128.99000549316406,129.25,128.3300018310547,129.0399932861328,12804400
2016-10-10,129.8490447998047,130.24000549316406,130.6999969482422,129.1999969482422,129.67999267578125,15138700
2016-10-11,128.4931182861328,128.8800048828125,130.63999938964844,128.22999572753906,130.22999572753906,17537900
2016-10-12,128.66259765625,129.0500030517578,129.66000366210938,128.4600067138672,129.00999450683594,11073000
2016-10-13,127.4363021850586,127.81999969482422,128.25,126.75,128.2100067138672,17139300
2016-10-14,127.4961166381836,127.87999725341795,128.9499969482422,127.58000183105467,128.49000549316406,13345300
2016-10-17,127.15714263916016,127.54000091552734,128.47000122070312,127.31999969482422,128.1999969482422,11351700
2016-10-18,128.18405151367188,128.57000732421875,129.38999938964844,128.00999450683594,128.67999267578125,13504000
2016-10-19,129.71942138671875,130.11000061035156,130.47000122070312,128.60000610351562,128.74000549316406,16752300
2016-10-20,129.60977172851562,130.0,130.66000366210938,129.5,130.07000732421875,13167500
2016-10-21,131.67355346679688,132.07000732421875,132.1300048828125,129.6999969482422,129.77999877929688,19088800
2016-10-24,132.87991333007812,133.27999877929688,133.41000366210938,132.14999389648438,132.72000122070312,17470200
2016-10-25,131.89288330078125,132.2899932861328,133.5,132.22000122070312,133.5,13336800
2016-10-26,130.64663696289062,131.0399932861328,132.25999450683594,130.94000244140625,131.63999938964844,13084700
2016-10-27,129.30068969726562,129.69000244140625,131.8000030517578,129.27000427246094,131.74000549316406,16741400
2016-10-28,130.89588928222656,131.2899932861328,132.97000122070312,129.92999267578125,130.5,24545500
2016-10-31,130.59678649902344,130.99000549316406,132.1199951171875,130.8800048828125,132.00999450683594,15669000
2016-11-01,129.1112518310547,129.5,131.94000244140625,128.64999389648438,131.41000366210938,22077800
2016-11-02,126.78826141357422,127.16999816894533,130.22999572753906,126.27999877929688,130.22999572753906,39640900
2016-11-03,119.63977813720705,120.0,123.27999877929688,119.5,122.0,63766300
2016-11-04,120.38753509521484,120.75,121.93000030517578,119.25,119.58999633789062,30545500
2016-11-07,121.78333282470705,122.1500015258789,123.20999908447266,121.3499984741211,122.83000183105467,23008900
2016-11-08,123.84711456298828,124.22000122070312,124.61000061035156,121.54000091552734,122.02999877929688,19460800
2016-11-09,122.81023406982422,123.18000030517578,123.80999755859376,120.51000213623048,121.5,31916000
2016-11-10,120.4373779296875,120.8000030517578,124.18000030517578,115.2699966430664,123.93000030517578,67846700
2016-11-11,118.6627197265625,119.0199966430664,120.6999969482422,118.1500015258789,119.52999877929688,32840100
2016-11-14,114.73455047607422,115.08000183105467,119.12999725341795,113.5500030517578,119.12999725341795,51377000
2016-11-15,116.84818267822266,117.1999969482422,118.48999786376952,115.83000183105467,116.7300033569336,34681400
2016-11-16,115.99076080322266,116.33999633789062,117.87999725341795,114.20999908447266,114.4800033569336,32397900
2016-11-17,117.43640899658205,117.79000091552734,117.79000091552734,116.01000213623048,116.80999755859376,18597800
2016-11-18,116.6687240600586,117.0199966430664,119.12999725341795,116.83999633789062,118.38999938964844,22879300
2016-11-21,121.40445709228516,121.7699966430664,121.9499969482422,117.8000030517578,118.1999969482422,35415400
2016-11-22,121.1053695678711,121.47000122070312,122.9800033569336,120.9000015258789,122.4000015258789,26089200
2016-11-23,120.4772491455078,120.83999633789062,121.30999755859376,119.94000244140624,121.2300033569336,15672100
2016-11-25,120.01863861083984,120.37999725341795,121.13999938964844,120.06999969482422,121.01000213623048,8658600
2016-11-28,120.04855346679688,120.41000366210938,121.69000244140624,119.81999969482422,120.12000274658205,18101300
2016-11-29,120.50717163085938,120.87000274658205,122.0999984741211,120.4000015258789,120.56999969482422,18891000
